-- --------------------------------------------------------
-- Host:                         127.0.0.1
-- Versión del servidor:         10.4.19-MariaDB - mariadb.org binary distribution
-- SO del servidor:              Win64
-- HeidiSQL Versión:             11.3.0.6295
-- --------------------------------------------------------

/*!40101 SET @OLD_CHARACTER_SET_CLIENT=@@CHARACTER_SET_CLIENT */;
/*!40101 SET NAMES utf8 */;
/*!50503 SET NAMES utf8mb4 */;
/*!40014 SET @OLD_FOREIGN_KEY_CHECKS=@@FOREIGN_KEY_CHECKS, FOREIGN_KEY_CHECKS=0 */;
/*!40101 SET @OLD_SQL_MODE=@@SQL_MODE, SQL_MODE='NO_AUTO_VALUE_ON_ZERO' */;
/*!40111 SET @OLD_SQL_NOTES=@@SQL_NOTES, SQL_NOTES=0 */;


-- Volcando estructura de base de datos para heatmap_pichincha
CREATE DATABASE IF NOT EXISTS `heatmap_pichincha` /*!40100 DEFAULT CHARACTER SET utf8mb4 COLLATE utf8mb4_spanish_ci */;
USE `heatmap_pichincha`;

-- Volcando estructura para tabla heatmap_pichincha.evaluacion
CREATE TABLE IF NOT EXISTS `evaluacion` (
  `id_evaluacion` int(11) NOT NULL AUTO_INCREMENT,
  `id_proceso` int(11) DEFAULT NULL,
  `id_indicador` int(11) DEFAULT 0,
  `resultado_o` varchar(50) DEFAULT NULL,
  `resultado_i` int(11) DEFAULT NULL,
  PRIMARY KEY (`id_evaluacion`)
) ENGINE=InnoDB AUTO_INCREMENT=1961 DEFAULT CHARSET=utf8mb4;

-- Volcando datos para la tabla heatmap_pichincha.evaluacion: ~1,960 rows (aproximadamente)
/*!40000 ALTER TABLE `evaluacion` DISABLE KEYS */;
INSERT INTO `evaluacion` (`id_evaluacion`, `id_proceso`, `id_indicador`, `resultado_o`, `resultado_i`) VALUES
	(1, 1, 1, 'NO DESARROLLADO', 0),
	(2, 1, 3, 'NO DESARROLLADO', 0),
	(3, 1, 4, 'PRIORIDAD 3', 3),
	(4, 1, 5, 'PRIORIDAD 1', 1),
	(5, 1, 6, 'PRIORIDAD 3', 3),
	(6, 1, 9, 'PRIORIDAD 3', 3),
	(7, 1, 10, 'PRIORIDAD 3', 3),
	(8, 1, 11, 'PRIORIDAD 4', 4),
	(9, 2, 1, 'NO DESARROLLADO', 0),
	(10, 2, 3, 'NO DESARROLLADO', 0),
	(11, 2, 4, 'PRIORIDAD 3', 3),
	(12, 2, 5, 'PRIORIDAD 1', 1),
	(13, 2, 6, 'PRIORIDAD 3', 3),
	(14, 2, 9, 'PRIORIDAD 3', 3),
	(15, 2, 10, 'PRIORIDAD 3', 3),
	(16, 2, 11, 'PRIORIDAD 4', 4),
	(17, 3, 1, 'NO DESARROLLADO', 0),
	(18, 3, 3, 'NO DESARROLLADO', 0),
	(19, 3, 4, 'PRIORIDAD 3', 3),
	(20, 3, 5, 'PRIORIDAD 1', 1),
	(21, 3, 6, 'PRIORIDAD 3', 3),
	(22, 3, 9, 'PRIORIDAD 3', 3),
	(23, 3, 10, 'PRIORIDAD 3', 3),
	(24, 3, 11, 'PRIORIDAD 4', 4),
	(25, 4, 1, 'LEO', 0),
	(26, 4, 3, 'LEO', 0),
	(27, 4, 4, 'PRIORIDAD 3', 3),
	(28, 4, 5, 'PRIORIDAD 4', 4),
	(29, 4, 6, 'PRIORIDAD 2', 2),
	(30, 4, 9, 'PRIORIDAD 3', 3),
	(31, 4, 10, 'PRIORIDAD 3', 3),
	(32, 4, 11, 'PRIORIDAD 3', 3),
	(33, 5, 1, 'NO DESARROLLADO', 0),
	(34, 5, 3, 'NO DESARROLLADO', 0),
	(35, 5, 4, 'PRIORIDAD 3', 3),
	(36, 5, 5, 'PRIORIDAD 1', 1),
	(37, 5, 6, 'PRIORIDAD 2', 2),
	(38, 5, 9, 'PRIORIDAD 3', 3),
	(39, 5, 10, 'PRIORIDAD 3', 3),
	(40, 5, 11, 'PRIORIDAD 3', 3),
	(41, 6, 1, 'NO DESARROLLADO', 0),
	(42, 6, 3, 'NO DESARROLLADO', 0),
	(43, 6, 4, 'PRIORIDAD 2', 2),
	(44, 6, 5, 'PRIORIDAD 1', 1),
	(45, 6, 6, 'PRIORIDAD 2', 2),
	(46, 6, 9, 'PRIORIDAD 3', 3),
	(47, 6, 10, 'PRIORIDAD 3', 3),
	(48, 6, 11, 'PRIORIDAD 3', 3),
	(49, 7, 1, 'NO DESARROLLADO', 0),
	(50, 7, 3, 'NO DESARROLLADO', 0),
	(51, 7, 4, 'PRIORIDAD 2', 2),
	(52, 7, 5, 'PRIORIDAD 1', 1),
	(53, 7, 6, 'PRIORIDAD 2', 2),
	(54, 7, 9, 'PRIORIDAD 3', 3),
	(55, 7, 10, 'PRIORIDAD 3', 3),
	(56, 7, 11, 'PRIORIDAD 3', 3),
	(57, 8, 1, 'NO DESARROLLADO', 0),
	(58, 8, 3, 'NO DESARROLLADO', 0),
	(59, 8, 4, 'PRIORIDAD 2', 2),
	(60, 8, 5, 'PRIORIDAD 1', 1),
	(61, 8, 6, 'PRIORIDAD 2', 2),
	(62, 8, 9, 'PRIORIDAD 3', 3),
	(63, 8, 10, 'PRIORIDAD 3', 3),
	(64, 8, 11, 'PRIORIDAD 3', 3),
	(65, 9, 1, 'NO DESARROLLADO', 0),
	(66, 9, 3, 'NO DESARROLLADO', 0),
	(67, 9, 4, 'PRIORIDAD 1', 1),
	(68, 9, 5, 'PRIORIDAD 1', 1),
	(69, 9, 6, 'PRIORIDAD 2', 2),
	(70, 9, 9, 'PRIORIDAD 3', 3),
	(71, 9, 10, 'PRIORIDAD 3', 3),
	(72, 9, 11, 'PRIORIDAD 3', 3),
	(73, 10, 1, 'NO DESARROLLADO', 0),
	(74, 10, 3, 'NO DESARROLLADO', 0),
	(75, 10, 4, 'PRIORIDAD 2', 2),
	(76, 10, 5, 'PRIORIDAD 1', 1),
	(77, 10, 6, 'PRIORIDAD 2', 2),
	(78, 10, 9, 'PRIORIDAD 3', 3),
	(79, 10, 10, 'PRIORIDAD 3', 3),
	(80, 10, 11, 'PRIORIDAD 3', 3),
	(81, 11, 1, 'NO DESARROLLADO', 0),
	(82, 11, 3, 'NO DESARROLLADO', 0),
	(83, 11, 4, 'PRIORIDAD 2', 2),
	(84, 11, 5, 'PRIORIDAD 1', 1),
	(85, 11, 6, 'PRIORIDAD 2', 2),
	(86, 11, 9, 'PRIORIDAD 3', 3),
	(87, 11, 10, 'PRIORIDAD 3', 3),
	(88, 11, 11, 'PRIORIDAD 3', 3),
	(89, 12, 1, 'NO DESARROLLADO', 0),
	(90, 12, 3, 'NO DESARROLLADO', 0),
	(91, 12, 4, 'PRIORIDAD 2', 2),
	(92, 12, 5, 'PRIORIDAD 1', 1),
	(93, 12, 6, 'PRIORIDAD 2', 2),
	(94, 12, 9, 'PRIORIDAD 3', 3),
	(95, 12, 10, 'PRIORIDAD 3', 3),
	(96, 12, 11, 'PRIORIDAD 3', 3),
	(97, 13, 1, 'NO DESARROLLADO', 0),
	(98, 13, 3, 'NO DESARROLLADO', 0),
	(99, 13, 4, 'PRIORIDAD 1', 1),
	(100, 13, 5, 'PRIORIDAD 1', 1),
	(101, 13, 6, 'PRIORIDAD 2', 2),
	(102, 13, 9, 'PRIORIDAD 3', 3),
	(103, 13, 10, 'PRIORIDAD 3', 3),
	(104, 13, 11, 'PRIORIDAD 3', 3),
	(105, 14, 1, 'NO DESARROLLADO', 0),
	(106, 14, 3, 'NO DESARROLLADO', 0),
	(107, 14, 4, 'PRIORIDAD 1', 1),
	(108, 14, 5, 'PRIORIDAD 1', 1),
	(109, 14, 6, 'PRIORIDAD 2', 2),
	(110, 14, 9, 'PRIORIDAD 3', 3),
	(111, 14, 10, 'PRIORIDAD 3', 3),
	(112, 14, 11, 'PRIORIDAD 3', 3),
	(113, 15, 1, 'NO DESARROLLADO', 0),
	(114, 15, 3, 'NO DESARROLLADO', 0),
	(115, 15, 4, 'PRIORIDAD 2', 2),
	(116, 15, 5, 'PRIORIDAD 1', 1),
	(117, 15, 6, 'PRIORIDAD 2', 2),
	(118, 15, 9, 'PRIORIDAD 3', 3),
	(119, 15, 10, 'PRIORIDAD 3', 3),
	(120, 15, 11, 'PRIORIDAD 3', 3),
	(121, 16, 1, 'NO DESARROLLADO', 0),
	(122, 16, 3, 'NO DESARROLLADO', 0),
	(123, 16, 4, 'PRIORIDAD 2', 2),
	(124, 16, 5, 'PRIORIDAD 1', 1),
	(125, 16, 6, 'PRIORIDAD 2', 2),
	(126, 16, 9, 'PRIORIDAD 3', 3),
	(127, 16, 10, 'PRIORIDAD 3', 3),
	(128, 16, 11, 'PRIORIDAD 3', 3),
	(129, 17, 1, 'NO DESARROLLADO', 0),
	(130, 17, 3, 'NO DESARROLLADO', 0),
	(131, 17, 4, 'PRIORIDAD 1', 1),
	(132, 17, 5, 'PRIORIDAD 1', 1),
	(133, 17, 6, 'PRIORIDAD 2', 2),
	(134, 17, 9, 'PRIORIDAD 3', 3),
	(135, 17, 10, 'PRIORIDAD 3', 3),
	(136, 17, 11, 'PRIORIDAD 3', 3),
	(137, 18, 1, 'NO DESARROLLADO', 0),
	(138, 18, 3, 'NO DESARROLLADO', 0),
	(139, 18, 4, 'PRIORIDAD 2', 2),
	(140, 18, 5, 'PRIORIDAD 1', 1),
	(141, 18, 6, 'PRIORIDAD 2', 2),
	(142, 18, 9, 'PRIORIDAD 3', 3),
	(143, 18, 10, 'PRIORIDAD 3', 3),
	(144, 18, 11, 'PRIORIDAD 3', 3),
	(145, 19, 1, 'NO DESARROLLADO', 0),
	(146, 19, 3, 'NO DESARROLLADO', 0),
	(147, 19, 4, 'PRIORIDAD 2', 2),
	(148, 19, 5, 'PRIORIDAD 1', 1),
	(149, 19, 6, 'PRIORIDAD 2', 2),
	(150, 19, 9, 'PRIORIDAD 3', 3),
	(151, 19, 10, 'PRIORIDAD 3', 3),
	(152, 19, 11, 'PRIORIDAD 3', 3),
	(153, 20, 1, 'NO DESARROLLADO', 0),
	(154, 20, 3, 'NO DESARROLLADO', 0),
	(155, 20, 4, 'PRIORIDAD 2', 2),
	(156, 20, 5, 'PRIORIDAD 1', 1),
	(157, 20, 6, 'PRIORIDAD 2', 2),
	(158, 20, 9, 'PRIORIDAD 3', 3),
	(159, 20, 10, 'PRIORIDAD 3', 3),
	(160, 20, 11, 'PRIORIDAD 3', 3),
	(161, 21, 1, 'NO DESARROLLADO', 0),
	(162, 21, 3, 'NO DESARROLLADO', 0),
	(163, 21, 4, 'PRIORIDAD 1', 1),
	(164, 21, 5, 'PRIORIDAD 1', 1),
	(165, 21, 6, 'PRIORIDAD 2', 2),
	(166, 21, 9, 'PRIORIDAD 3', 3),
	(167, 21, 10, 'PRIORIDAD 3', 3),
	(168, 21, 11, 'PRIORIDAD 3', 3),
	(169, 22, 1, 'NO DESARROLLADO', 0),
	(170, 22, 3, 'NO DESARROLLADO', 0),
	(171, 22, 4, 'PRIORIDAD 2', 2),
	(172, 22, 5, 'PRIORIDAD 1', 1),
	(173, 22, 6, 'PRIORIDAD 2', 2),
	(174, 22, 9, 'PRIORIDAD 3', 3),
	(175, 22, 10, 'PRIORIDAD 3', 3),
	(176, 22, 11, 'PRIORIDAD 3', 3),
	(177, 23, 1, 'NO DESARROLLADO', 0),
	(178, 23, 3, 'NO DESARROLLADO', 0),
	(179, 23, 4, 'PRIORIDAD 2', 2),
	(180, 23, 5, 'PRIORIDAD 2', 2),
	(181, 23, 6, 'PRIORIDAD 2', 2),
	(182, 23, 9, 'PRIORIDAD 3', 3),
	(183, 23, 10, 'PRIORIDAD 3', 3),
	(184, 23, 11, 'PRIORIDAD 2', 2),
	(185, 24, 1, 'NO DESARROLLADO', 0),
	(186, 24, 3, 'NO DESARROLLADO', 0),
	(187, 24, 4, 'PRIORIDAD 2', 2),
	(188, 24, 5, 'PRIORIDAD 2', 2),
	(189, 24, 6, 'PRIORIDAD 2', 2),
	(190, 24, 9, 'PRIORIDAD 3', 3),
	(191, 24, 10, 'PRIORIDAD 3', 3),
	(192, 24, 11, 'PRIORIDAD 2', 2),
	(193, 25, 1, 'NO DESARROLLADO', 0),
	(194, 25, 3, 'NO DESARROLLADO', 0),
	(195, 25, 4, 'PRIORIDAD 2', 2),
	(196, 25, 5, 'PRIORIDAD 2', 2),
	(197, 25, 6, 'PRIORIDAD 2', 2),
	(198, 25, 9, 'PRIORIDAD 3', 3),
	(199, 25, 10, 'PRIORIDAD 3', 3),
	(200, 25, 11, 'PRIORIDAD 2', 2),
	(201, 26, 1, 'NO DESARROLLADO', 0),
	(202, 26, 3, 'NO DESARROLLADO', 0),
	(203, 26, 4, 'PRIORIDAD 2', 2),
	(204, 26, 5, 'PRIORIDAD 2', 2),
	(205, 26, 6, 'PRIORIDAD 2', 2),
	(206, 26, 9, 'PRIORIDAD 3', 3),
	(207, 26, 10, 'PRIORIDAD 3', 3),
	(208, 26, 11, 'PRIORIDAD 2', 2),
	(209, 27, 1, 'NO DESARROLLADO', 0),
	(210, 27, 3, 'NO DESARROLLADO', 0),
	(211, 27, 4, 'PRIORIDAD 2', 2),
	(212, 27, 5, 'PRIORIDAD 2', 2),
	(213, 27, 6, 'PRIORIDAD 2', 2),
	(214, 27, 9, 'PRIORIDAD 3', 3),
	(215, 27, 10, 'PRIORIDAD 3', 3),
	(216, 27, 11, 'PRIORIDAD 2', 2),
	(217, 28, 1, 'NO DESARROLLADO', 0),
	(218, 28, 3, 'NO DESARROLLADO', 0),
	(219, 28, 4, 'PRIORIDAD 2', 2),
	(220, 28, 5, 'PRIORIDAD 2', 2),
	(221, 28, 6, 'PRIORIDAD 2', 2),
	(222, 28, 9, 'PRIORIDAD 3', 3),
	(223, 28, 10, 'PRIORIDAD 3', 3),
	(224, 28, 11, 'PRIORIDAD 2', 2),
	(225, 29, 1, 'NO DESARROLLADO', 0),
	(226, 29, 3, 'NO DESARROLLADO', 0),
	(227, 29, 4, 'PRIORIDAD 2', 2),
	(228, 29, 5, 'PRIORIDAD 2', 2),
	(229, 29, 6, 'PRIORIDAD 2', 2),
	(230, 29, 9, 'PRIORIDAD 3', 3),
	(231, 29, 10, 'PRIORIDAD 3', 3),
	(232, 29, 11, 'PRIORIDAD 2', 2),
	(233, 30, 1, 'NO DESARROLLADO', 0),
	(234, 30, 3, 'NO DESARROLLADO', 0),
	(235, 30, 4, 'PRIORIDAD 2', 2),
	(236, 30, 5, 'PRIORIDAD 2', 2),
	(237, 30, 6, 'PRIORIDAD 2', 2),
	(238, 30, 9, 'PRIORIDAD 3', 3),
	(239, 30, 10, 'PRIORIDAD 2', 2),
	(240, 30, 11, 'PRIORIDAD 1', 1),
	(241, 31, 1, 'NO DESARROLLADO', 0),
	(242, 31, 3, 'NO DESARROLLADO', 0),
	(243, 31, 4, 'PRIORIDAD 2', 2),
	(244, 31, 5, 'PRIORIDAD 2', 2),
	(245, 31, 6, 'PRIORIDAD 3', 3),
	(246, 31, 9, 'PRIORIDAD 3', 3),
	(247, 31, 10, 'PRIORIDAD 2', 2),
	(248, 31, 11, 'PRIORIDAD 1', 1),
	(249, 32, 1, 'NO DESARROLLADO', 0),
	(250, 32, 3, 'NO DESARROLLADO', 0),
	(251, 32, 4, 'PRIORIDAD 2', 2),
	(252, 32, 5, 'PRIORIDAD 2', 2),
	(253, 32, 6, 'PRIORIDAD 2', 2),
	(254, 32, 9, 'PRIORIDAD 3', 3),
	(255, 32, 10, 'PRIORIDAD 2', 2),
	(256, 32, 11, 'PRIORIDAD 1', 1),
	(257, 33, 1, 'NO DESARROLLADO', 0),
	(258, 33, 3, 'NO DESARROLLADO', 0),
	(259, 33, 4, 'PRIORIDAD 2', 2),
	(260, 33, 5, 'PRIORIDAD 2', 2),
	(261, 33, 6, 'PRIORIDAD 2', 2),
	(262, 33, 9, 'PRIORIDAD 3', 3),
	(263, 33, 10, 'PRIORIDAD 2', 2),
	(264, 33, 11, 'PRIORIDAD 1', 1),
	(265, 34, 1, 'NO DESARROLLADO', 0),
	(266, 34, 3, 'NO DESARROLLADO', 0),
	(267, 34, 4, 'PRIORIDAD 2', 2),
	(268, 34, 5, 'PRIORIDAD 2', 2),
	(269, 34, 6, 'PRIORIDAD 2', 2),
	(270, 34, 9, 'PRIORIDAD 3', 3),
	(271, 34, 10, 'PRIORIDAD 2', 2),
	(272, 34, 11, 'PRIORIDAD 1', 1),
	(273, 35, 1, 'NO DESARROLLADO', 0),
	(274, 35, 3, 'NO DESARROLLADO', 0),
	(275, 35, 4, 'PRIORIDAD 2', 2),
	(276, 35, 5, 'PRIORIDAD 2', 2),
	(277, 35, 6, 'PRIORIDAD 2', 2),
	(278, 35, 9, 'PRIORIDAD 3', 3),
	(279, 35, 10, 'PRIORIDAD 2', 2),
	(280, 35, 11, 'PRIORIDAD 1', 1),
	(281, 36, 1, 'NO DESARROLLADO', 0),
	(282, 36, 3, 'NO DESARROLLADO', 0),
	(283, 36, 4, 'PRIORIDAD 1', 1),
	(284, 36, 5, 'PRIORIDAD 2', 2),
	(285, 36, 6, 'PRIORIDAD 2', 2),
	(286, 36, 9, 'PRIORIDAD 3', 3),
	(287, 36, 10, 'PRIORIDAD 2', 2),
	(288, 36, 11, 'PRIORIDAD 1', 1),
	(289, 37, 1, 'NO DESARROLLADO', 0),
	(290, 37, 3, 'NO DESARROLLADO', 0),
	(291, 37, 4, 'PRIORIDAD 2', 2),
	(292, 37, 5, 'PRIORIDAD 2', 2),
	(293, 37, 6, 'PRIORIDAD 2', 2),
	(294, 37, 9, 'PRIORIDAD 3', 3),
	(295, 37, 10, 'PRIORIDAD 3', 3),
	(296, 37, 11, 'PRIORIDAD 3', 3),
	(297, 38, 1, 'NO DESARROLLADO', 0),
	(298, 38, 3, 'NO DESARROLLADO', 0),
	(299, 38, 4, 'PRIORIDAD 1', 1),
	(300, 38, 5, 'PRIORIDAD 2', 2),
	(301, 38, 6, 'PRIORIDAD 2', 2),
	(302, 38, 9, 'PRIORIDAD 3', 3),
	(303, 38, 10, 'PRIORIDAD 2', 2),
	(304, 38, 11, 'PRIORIDAD 3', 3),
	(305, 39, 1, 'NO DESARROLLADO', 0),
	(306, 39, 3, 'NO DESARROLLADO', 0),
	(307, 39, 4, 'PRIORIDAD 4', 4),
	(308, 39, 5, 'PRIORIDAD 2', 2),
	(309, 39, 6, 'PRIORIDAD 3', 3),
	(310, 39, 9, 'PRIORIDAD 3', 3),
	(311, 39, 10, 'PRIORIDAD 3', 3),
	(312, 39, 11, 'PRIORIDAD 3', 3),
	(313, 40, 1, 'NO DESARROLLADO', 0),
	(314, 40, 3, 'NO DESARROLLADO', 0),
	(315, 40, 4, 'PRIORIDAD 1', 1),
	(316, 40, 5, 'PRIORIDAD 2', 2),
	(317, 40, 6, 'PRIORIDAD 3', 3),
	(318, 40, 9, 'PRIORIDAD 3', 3),
	(319, 40, 10, 'PRIORIDAD 2', 2),
	(320, 40, 11, 'PRIORIDAD 1', 1),
	(321, 41, 1, 'NO DESARROLLADO', 0),
	(322, 41, 3, 'NO DESARROLLADO', 0),
	(323, 41, 4, 'PRIORIDAD 3', 3),
	(324, 41, 5, 'PRIORIDAD 2', 2),
	(325, 41, 6, 'PRIORIDAD 3', 3),
	(326, 41, 9, 'PRIORIDAD 3', 3),
	(327, 41, 10, 'PRIORIDAD 3', 3),
	(328, 41, 11, 'PRIORIDAD 3', 3),
	(329, 42, 1, 'NO DESARROLLADO', 0),
	(330, 42, 3, 'NO DESARROLLADO', 0),
	(331, 42, 4, 'PRIORIDAD 2', 2),
	(332, 42, 5, 'PRIORIDAD 2', 2),
	(333, 42, 6, 'PRIORIDAD 3', 3),
	(334, 42, 9, 'PRIORIDAD 3', 3),
	(335, 42, 10, 'PRIORIDAD 3', 3),
	(336, 42, 11, 'PRIORIDAD 1', 1),
	(337, 43, 1, 'NO DESARROLLADO', 0),
	(338, 43, 3, 'NO DESARROLLADO', 0),
	(339, 43, 4, 'PRIORIDAD 3', 3),
	(340, 43, 5, 'PRIORIDAD 2', 2),
	(341, 43, 6, 'PRIORIDAD 3', 3),
	(342, 43, 9, 'PRIORIDAD 3', 3),
	(343, 43, 10, 'PRIORIDAD 3', 3),
	(344, 43, 11, 'PRIORIDAD 1', 1),
	(345, 44, 1, 'NO DESARROLLADO', 0),
	(346, 44, 3, 'NO DESARROLLADO', 0),
	(347, 44, 4, 'PRIORIDAD 2', 2),
	(348, 44, 5, 'PRIORIDAD 2', 2),
	(349, 44, 6, 'PRIORIDAD 3', 3),
	(350, 44, 9, 'PRIORIDAD 3', 3),
	(351, 44, 10, 'PRIORIDAD 3', 3),
	(352, 44, 11, 'PRIORIDAD 1', 1),
	(353, 45, 1, 'NO DESARROLLADO', 0),
	(354, 45, 3, 'NO DESARROLLADO', 0),
	(355, 45, 4, 'PRIORIDAD 3', 3),
	(356, 45, 5, 'PRIORIDAD 2', 2),
	(357, 45, 6, 'PRIORIDAD 3', 3),
	(358, 45, 9, 'PRIORIDAD 3', 3),
	(359, 45, 10, 'PRIORIDAD 3', 3),
	(360, 45, 11, 'PRIORIDAD 1', 1),
	(361, 46, 1, 'NO DESARROLLADO', 0),
	(362, 46, 3, 'NO DESARROLLADO', 0),
	(363, 46, 4, 'PRIORIDAD 2', 2),
	(364, 46, 5, 'PRIORIDAD 2', 2),
	(365, 46, 6, 'PRIORIDAD 3', 3),
	(366, 46, 9, 'PRIORIDAD 3', 3),
	(367, 46, 10, 'PRIORIDAD 3', 3),
	(368, 46, 11, 'PRIORIDAD 1', 1),
	(369, 47, 1, 'NO DESARROLLADO', 0),
	(370, 47, 3, 'NO DESARROLLADO', 0),
	(371, 47, 4, 'PRIORIDAD 2', 2),
	(372, 47, 5, 'PRIORIDAD 2', 2),
	(373, 47, 6, 'PRIORIDAD 3', 3),
	(374, 47, 9, 'PRIORIDAD 3', 3),
	(375, 47, 10, 'PRIORIDAD 3', 3),
	(376, 47, 11, 'PRIORIDAD 1', 1),
	(377, 48, 1, 'NO DESARROLLADO', 0),
	(378, 48, 3, 'NO DESARROLLADO', 0),
	(379, 48, 4, 'PRIORIDAD 2', 2),
	(380, 48, 5, 'PRIORIDAD 2', 2),
	(381, 48, 6, 'PRIORIDAD 3', 3),
	(382, 48, 9, 'PRIORIDAD 3', 3),
	(383, 48, 10, 'PRIORIDAD 3', 3),
	(384, 48, 11, 'PRIORIDAD 1', 1),
	(385, 49, 1, 'NO DESARROLLADO', 0),
	(386, 49, 3, 'NO DESARROLLADO', 0),
	(387, 49, 4, 'PRIORIDAD 2', 2),
	(388, 49, 5, 'PRIORIDAD 2', 2),
	(389, 49, 6, 'PRIORIDAD 3', 3),
	(390, 49, 9, 'PRIORIDAD 3', 3),
	(391, 49, 10, 'PRIORIDAD 3', 3),
	(392, 49, 11, 'PRIORIDAD 1', 1),
	(393, 50, 1, 'NO DESARROLLADO', 0),
	(394, 50, 3, 'NO DESARROLLADO', 0),
	(395, 50, 4, 'PRIORIDAD 3', 3),
	(396, 50, 5, 'PRIORIDAD 2', 2),
	(397, 50, 6, 'PRIORIDAD 3', 3),
	(398, 50, 9, 'PRIORIDAD 3', 3),
	(399, 50, 10, 'PRIORIDAD 3', 3),
	(400, 50, 11, 'PRIORIDAD 1', 1),
	(401, 51, 1, 'NO DESARROLLADO', 0),
	(402, 51, 3, 'NO DESARROLLADO', 0),
	(403, 51, 4, 'PRIORIDAD 2', 2),
	(404, 51, 5, 'PRIORIDAD 2', 2),
	(405, 51, 6, 'PRIORIDAD 3', 3),
	(406, 51, 9, 'PRIORIDAD 3', 3),
	(407, 51, 10, 'PRIORIDAD 3', 3),
	(408, 51, 11, 'PRIORIDAD 1', 1),
	(409, 52, 1, 'NO DESARROLLADO', 0),
	(410, 52, 3, 'NO DESARROLLADO', 0),
	(411, 52, 4, 'PRIORIDAD 2', 2),
	(412, 52, 5, 'PRIORIDAD 2', 2),
	(413, 52, 6, 'PRIORIDAD 3', 3),
	(414, 52, 9, 'PRIORIDAD 3', 3),
	(415, 52, 10, 'PRIORIDAD 3', 3),
	(416, 52, 11, 'PRIORIDAD 1', 1),
	(417, 53, 1, 'NO DESARROLLADO', 0),
	(418, 53, 3, 'NO DESARROLLADO', 0),
	(419, 53, 4, 'PRIORIDAD 2', 2),
	(420, 53, 5, 'PRIORIDAD 2', 2),
	(421, 53, 6, 'PRIORIDAD 3', 3),
	(422, 53, 9, 'PRIORIDAD 3', 3),
	(423, 53, 10, 'PRIORIDAD 3', 3),
	(424, 53, 11, 'PRIORIDAD 1', 1),
	(425, 54, 1, 'NO DESARROLLADO', 0),
	(426, 54, 3, 'NO DESARROLLADO', 0),
	(427, 54, 4, 'PRIORIDAD 3', 3),
	(428, 54, 5, 'PRIORIDAD 2', 2),
	(429, 54, 6, 'PRIORIDAD 3', 3),
	(430, 54, 9, 'PRIORIDAD 3', 3),
	(431, 54, 10, 'PRIORIDAD 3', 3),
	(432, 54, 11, 'PRIORIDAD 1', 1),
	(433, 55, 1, 'NO DESARROLLADO', 0),
	(434, 55, 3, 'NO DESARROLLADO', 0),
	(435, 55, 4, 'PRIORIDAD 2', 2),
	(436, 55, 5, 'PRIORIDAD 1', 1),
	(437, 55, 6, 'PRIORIDAD 1', 1),
	(438, 55, 9, 'PRIORIDAD 3', 3),
	(439, 55, 10, 'PRIORIDAD 1', 1),
	(440, 55, 11, 'PRIORIDAD 1', 1),
	(441, 56, 1, 'NO DESARROLLADO', 0),
	(442, 56, 3, 'NO DESARROLLADO', 0),
	(443, 56, 4, 'PRIORIDAD 2', 2),
	(444, 56, 5, 'PRIORIDAD 1', 1),
	(445, 56, 6, 'PRIORIDAD 1', 1),
	(446, 56, 9, 'PRIORIDAD 3', 3),
	(447, 56, 10, 'PRIORIDAD 1', 1),
	(448, 56, 11, 'PRIORIDAD 1', 1),
	(449, 57, 1, 'NO DESARROLLADO', 0),
	(450, 57, 3, 'NO DESARROLLADO', 0),
	(451, 57, 4, 'PRIORIDAD 2', 2),
	(452, 57, 5, 'PRIORIDAD 1', 1),
	(453, 57, 6, 'PRIORIDAD 1', 1),
	(454, 57, 9, 'PRIORIDAD 3', 3),
	(455, 57, 10, 'PRIORIDAD 1', 1),
	(456, 57, 11, 'PRIORIDAD 1', 1),
	(457, 58, 1, 'NO DESARROLLADO', 0),
	(458, 58, 3, 'NO DESARROLLADO', 0),
	(459, 58, 4, 'PRIORIDAD 2', 2),
	(460, 58, 5, 'PRIORIDAD 1', 1),
	(461, 58, 6, 'PRIORIDAD 1', 1),
	(462, 58, 9, 'PRIORIDAD 3', 3),
	(463, 58, 10, 'PRIORIDAD 1', 1),
	(464, 58, 11, 'PRIORIDAD 1', 1),
	(465, 59, 1, 'NO DESARROLLADO', 0),
	(466, 59, 3, 'NO DESARROLLADO', 0),
	(467, 59, 4, 'PRIORIDAD 2', 2),
	(468, 59, 5, 'PRIORIDAD 1', 1),
	(469, 59, 6, 'PRIORIDAD 1', 1),
	(470, 59, 9, 'PRIORIDAD 3', 3),
	(471, 59, 10, 'PRIORIDAD 1', 1),
	(472, 59, 11, 'PRIORIDAD 1', 1),
	(473, 60, 1, 'NO DESARROLLADO', 0),
	(474, 60, 3, 'NO DESARROLLADO', 0),
	(475, 60, 4, 'PRIORIDAD 2', 2),
	(476, 60, 5, 'PRIORIDAD 1', 1),
	(477, 60, 6, 'PRIORIDAD 1', 1),
	(478, 60, 9, 'PRIORIDAD 3', 3),
	(479, 60, 10, 'PRIORIDAD 1', 1),
	(480, 60, 11, 'PRIORIDAD 1', 1),
	(481, 61, 1, 'NO DESARROLLADO', 0),
	(482, 61, 3, 'NO DESARROLLADO', 0),
	(483, 61, 4, 'PRIORIDAD 2', 2),
	(484, 61, 5, 'PRIORIDAD 1', 1),
	(485, 61, 6, 'PRIORIDAD 1', 1),
	(486, 61, 9, 'PRIORIDAD 3', 3),
	(487, 61, 10, 'PRIORIDAD 1', 1),
	(488, 61, 11, 'PRIORIDAD 1', 1),
	(489, 62, 1, 'NO DESARROLLADO', 0),
	(490, 62, 3, 'NO DESARROLLADO', 0),
	(491, 62, 4, 'PRIORIDAD 2', 2),
	(492, 62, 5, 'PRIORIDAD 1', 1),
	(493, 62, 6, 'PRIORIDAD 1', 1),
	(494, 62, 9, 'PRIORIDAD 3', 3),
	(495, 62, 10, 'PRIORIDAD 1', 1),
	(496, 62, 11, 'PRIORIDAD 1', 1),
	(497, 63, 1, 'NO DESARROLLADO', 0),
	(498, 63, 3, 'NO DESARROLLADO', 0),
	(499, 63, 4, 'PRIORIDAD 2', 2),
	(500, 63, 5, 'PRIORIDAD 1', 1),
	(501, 63, 6, 'PRIORIDAD 1', 1),
	(502, 63, 9, 'PRIORIDAD 3', 3),
	(503, 63, 10, 'PRIORIDAD 1', 1),
	(504, 63, 11, 'PRIORIDAD 1', 1),
	(505, 64, 1, 'NO DESARROLLADO', 0),
	(506, 64, 3, 'NO DESARROLLADO', 0),
	(507, 64, 4, 'PRIORIDAD 2', 2),
	(508, 64, 5, 'PRIORIDAD 1', 1),
	(509, 64, 6, 'PRIORIDAD 1', 1),
	(510, 64, 9, 'PRIORIDAD 3', 3),
	(511, 64, 10, 'PRIORIDAD 1', 1),
	(512, 64, 11, 'PRIORIDAD 1', 1),
	(513, 65, 1, 'NO DESARROLLADO', 0),
	(514, 65, 3, 'NO DESARROLLADO', 0),
	(515, 65, 4, 'PRIORIDAD 2', 2),
	(516, 65, 5, 'PRIORIDAD 1', 1),
	(517, 65, 6, 'PRIORIDAD 1', 1),
	(518, 65, 9, 'PRIORIDAD 3', 3),
	(519, 65, 10, 'PRIORIDAD 1', 1),
	(520, 65, 11, 'PRIORIDAD 1', 1),
	(521, 66, 1, 'NO DESARROLLADO', 0),
	(522, 66, 3, 'NO DESARROLLADO', 0),
	(523, 66, 4, 'PRIORIDAD 2', 2),
	(524, 66, 5, 'PRIORIDAD 1', 1),
	(525, 66, 6, 'PRIORIDAD 1', 1),
	(526, 66, 9, 'PRIORIDAD 3', 3),
	(527, 66, 10, 'PRIORIDAD 1', 1),
	(528, 66, 11, 'PRIORIDAD 1', 1),
	(529, 67, 1, 'NO DESARROLLADO', 0),
	(530, 67, 3, 'NO DESARROLLADO', 0),
	(531, 67, 4, 'PRIORIDAD 2', 2),
	(532, 67, 5, 'PRIORIDAD 1', 1),
	(533, 67, 6, 'PRIORIDAD 1', 1),
	(534, 67, 9, 'PRIORIDAD 3', 3),
	(535, 67, 10, 'PRIORIDAD 1', 1),
	(536, 67, 11, 'PRIORIDAD 1', 1),
	(537, 68, 1, 'NO DESARROLLADO', 0),
	(538, 68, 3, 'NO DESARROLLADO', 0),
	(539, 68, 4, 'PRIORIDAD 2', 2),
	(540, 68, 5, 'PRIORIDAD 1', 1),
	(541, 68, 6, 'PRIORIDAD 1', 1),
	(542, 68, 9, 'PRIORIDAD 3', 3),
	(543, 68, 10, 'PRIORIDAD 1', 1),
	(544, 68, 11, 'PRIORIDAD 1', 1),
	(545, 69, 1, 'NO DESARROLLADO', 0),
	(546, 69, 3, 'NO DESARROLLADO', 0),
	(547, 69, 4, 'PRIORIDAD 2', 2),
	(548, 69, 5, 'PRIORIDAD 1', 1),
	(549, 69, 6, 'PRIORIDAD 1', 1),
	(550, 69, 9, 'PRIORIDAD 3', 3),
	(551, 69, 10, 'PRIORIDAD 1', 1),
	(552, 69, 11, 'PRIORIDAD 1', 1),
	(553, 70, 1, 'NO DESARROLLADO', 0),
	(554, 70, 3, 'NO DESARROLLADO', 0),
	(555, 70, 4, 'PRIORIDAD 2', 2),
	(556, 70, 5, 'PRIORIDAD 1', 1),
	(557, 70, 6, 'PRIORIDAD 1', 1),
	(558, 70, 9, 'PRIORIDAD 3', 3),
	(559, 70, 10, 'PRIORIDAD 1', 1),
	(560, 70, 11, 'PRIORIDAD 1', 1),
	(561, 71, 1, 'NO DESARROLLADO', 0),
	(562, 71, 3, 'NO DESARROLLADO', 0),
	(563, 71, 4, 'PRIORIDAD 2', 2),
	(564, 71, 5, 'PRIORIDAD 1', 1),
	(565, 71, 6, 'PRIORIDAD 1', 1),
	(566, 71, 9, 'PRIORIDAD 3', 3),
	(567, 71, 10, 'PRIORIDAD 1', 1),
	(568, 71, 11, 'PRIORIDAD 1', 1),
	(569, 72, 1, 'NO DESARROLLADO', 0),
	(570, 72, 3, 'NO DESARROLLADO', 0),
	(571, 72, 4, 'PRIORIDAD 2', 2),
	(572, 72, 5, 'PRIORIDAD 2', 2),
	(573, 72, 6, 'PRIORIDAD 2', 2),
	(574, 72, 9, 'PRIORIDAD 3', 3),
	(575, 72, 10, 'PRIORIDAD 3', 3),
	(576, 72, 11, 'PRIORIDAD 1', 1),
	(577, 73, 1, 'NO DESARROLLADO', 0),
	(578, 73, 3, 'NO DESARROLLADO', 0),
	(579, 73, 4, 'PRIORIDAD 2', 2),
	(580, 73, 5, 'PRIORIDAD 2', 2),
	(581, 73, 6, 'PRIORIDAD 2', 2),
	(582, 73, 9, 'PRIORIDAD 3', 3),
	(583, 73, 10, 'PRIORIDAD 3', 3),
	(584, 73, 11, 'PRIORIDAD 1', 1),
	(585, 74, 1, 'NO DESARROLLADO', 0),
	(586, 74, 3, 'NO DESARROLLADO', 0),
	(587, 74, 4, 'PRIORIDAD 2', 2),
	(588, 74, 5, 'PRIORIDAD 2', 2),
	(589, 74, 6, 'PRIORIDAD 2', 2),
	(590, 74, 9, 'PRIORIDAD 3', 3),
	(591, 74, 10, 'PRIORIDAD 3', 3),
	(592, 74, 11, 'PRIORIDAD 1', 1),
	(593, 75, 1, 'NO DESARROLLADO', 0),
	(594, 75, 3, 'NO DESARROLLADO', 0),
	(595, 75, 4, 'PRIORIDAD 2', 2),
	(596, 75, 5, 'PRIORIDAD 2', 2),
	(597, 75, 6, 'PRIORIDAD 2', 2),
	(598, 75, 9, 'PRIORIDAD 3', 3),
	(599, 75, 10, 'PRIORIDAD 3', 3),
	(600, 75, 11, 'PRIORIDAD 1', 1),
	(601, 76, 1, 'NO DESARROLLADO', 0),
	(602, 76, 3, 'NO DESARROLLADO', 0),
	(603, 76, 4, 'PRIORIDAD 2', 2),
	(604, 76, 5, 'PRIORIDAD 2', 2),
	(605, 76, 6, 'PRIORIDAD 2', 2),
	(606, 76, 9, 'PRIORIDAD 3', 3),
	(607, 76, 10, 'PRIORIDAD 3', 3),
	(608, 76, 11, 'PRIORIDAD 1', 1),
	(609, 77, 1, 'NO DESARROLLADO', 0),
	(610, 77, 3, 'NO DESARROLLADO', 0),
	(611, 77, 4, 'PRIORIDAD 2', 2),
	(612, 77, 5, 'PRIORIDAD 2', 2),
	(613, 77, 6, 'PRIORIDAD 2', 2),
	(614, 77, 9, 'PRIORIDAD 3', 3),
	(615, 77, 10, 'PRIORIDAD 3', 3),
	(616, 77, 11, 'PRIORIDAD 1', 1),
	(617, 78, 1, 'NO DESARROLLADO', 0),
	(618, 78, 3, 'NO DESARROLLADO', 0),
	(619, 78, 4, 'PRIORIDAD 2', 2),
	(620, 78, 5, 'PRIORIDAD 2', 2),
	(621, 78, 6, 'PRIORIDAD 2', 2),
	(622, 78, 9, 'PRIORIDAD 3', 3),
	(623, 78, 10, 'PRIORIDAD 3', 3),
	(624, 78, 11, 'PRIORIDAD 1', 1),
	(625, 79, 1, 'NO DESARROLLADO', 0),
	(626, 79, 3, 'NO DESARROLLADO', 0),
	(627, 79, 4, 'PRIORIDAD 2', 2),
	(628, 79, 5, 'PRIORIDAD 2', 2),
	(629, 79, 6, 'PRIORIDAD 2', 2),
	(630, 79, 9, 'PRIORIDAD 3', 3),
	(631, 79, 10, 'PRIORIDAD 3', 3),
	(632, 79, 11, 'PRIORIDAD 1', 1),
	(633, 80, 1, 'NO DESARROLLADO', 0),
	(634, 80, 3, 'NO DESARROLLADO', 0),
	(635, 80, 4, 'PRIORIDAD 2', 2),
	(636, 80, 5, 'PRIORIDAD 2', 2),
	(637, 80, 6, 'PRIORIDAD 2', 2),
	(638, 80, 9, 'PRIORIDAD 3', 3),
	(639, 80, 10, 'PRIORIDAD 3', 3),
	(640, 80, 11, 'PRIORIDAD 1', 1),
	(641, 81, 1, 'NO DESARROLLADO', 0),
	(642, 81, 3, 'NO DESARROLLADO', 0),
	(643, 81, 4, 'PRIORIDAD 2', 2),
	(644, 81, 5, 'PRIORIDAD 2', 2),
	(645, 81, 6, 'PRIORIDAD 2', 2),
	(646, 81, 9, 'PRIORIDAD 3', 3),
	(647, 81, 10, 'PRIORIDAD 3', 3),
	(648, 81, 11, 'PRIORIDAD 1', 1),
	(649, 82, 1, 'NO DESARROLLADO', 0),
	(650, 82, 3, 'NO DESARROLLADO', 0),
	(651, 82, 4, 'PRIORIDAD 2', 2),
	(652, 82, 5, 'PRIORIDAD 2', 2),
	(653, 82, 6, 'PRIORIDAD 2', 2),
	(654, 82, 9, 'PRIORIDAD 3', 3),
	(655, 82, 10, 'PRIORIDAD 3', 3),
	(656, 82, 11, 'PRIORIDAD 1', 1),
	(657, 83, 1, 'NO DESARROLLADO', 0),
	(658, 83, 3, 'NO DESARROLLADO', 0),
	(659, 83, 4, 'PRIORIDAD 2', 2),
	(660, 83, 5, 'PRIORIDAD 2', 2),
	(661, 83, 6, 'PRIORIDAD 2', 2),
	(662, 83, 9, 'PRIORIDAD 3', 3),
	(663, 83, 10, 'PRIORIDAD 3', 3),
	(664, 83, 11, 'PRIORIDAD 1', 1),
	(665, 84, 1, 'NO DESARROLLADO', 0),
	(666, 84, 3, 'NO DESARROLLADO', 0),
	(667, 84, 4, 'PRIORIDAD 2', 2),
	(668, 84, 5, 'PRIORIDAD 2', 2),
	(669, 84, 6, 'PRIORIDAD 2', 2),
	(670, 84, 9, 'PRIORIDAD 3', 3),
	(671, 84, 10, 'PRIORIDAD 3', 3),
	(672, 84, 11, 'PRIORIDAD 1', 1),
	(673, 85, 1, 'NO DESARROLLADO', 0),
	(674, 85, 3, 'NO DESARROLLADO', 0),
	(675, 85, 4, 'PRIORIDAD 2', 2),
	(676, 85, 5, 'PRIORIDAD 2', 2),
	(677, 85, 6, 'PRIORIDAD 2', 2),
	(678, 85, 9, 'PRIORIDAD 3', 3),
	(679, 85, 10, 'PRIORIDAD 3', 3),
	(680, 85, 11, 'PRIORIDAD 1', 1),
	(681, 86, 1, 'NO DESARROLLADO', 0),
	(682, 86, 3, 'NO DESARROLLADO', 0),
	(683, 86, 4, 'PRIORIDAD 2', 2),
	(684, 86, 5, 'PRIORIDAD 2', 2),
	(685, 86, 6, 'PRIORIDAD 2', 2),
	(686, 86, 9, 'PRIORIDAD 3', 3),
	(687, 86, 10, 'PRIORIDAD 3', 3),
	(688, 86, 11, 'PRIORIDAD 1', 1),
	(689, 87, 1, 'NO DESARROLLADO', 0),
	(690, 87, 3, 'NO DESARROLLADO', 0),
	(691, 87, 4, 'PRIORIDAD 2', 2),
	(692, 87, 5, 'PRIORIDAD 2', 2),
	(693, 87, 6, 'PRIORIDAD 2', 2),
	(694, 87, 9, 'PRIORIDAD 3', 3),
	(695, 87, 10, 'PRIORIDAD 3', 3),
	(696, 87, 11, 'PRIORIDAD 1', 1),
	(697, 88, 1, 'NO DESARROLLADO', 0),
	(698, 88, 3, 'NO DESARROLLADO', 0),
	(699, 88, 4, 'PRIORIDAD 2', 2),
	(700, 88, 5, 'PRIORIDAD 2', 2),
	(701, 88, 6, 'PRIORIDAD 2', 2),
	(702, 88, 9, 'PRIORIDAD 3', 3),
	(703, 88, 10, 'PRIORIDAD 3', 3),
	(704, 88, 11, 'PRIORIDAD 1', 1),
	(705, 89, 1, 'NO DESARROLLADO', 0),
	(706, 89, 3, 'NO DESARROLLADO', 0),
	(707, 89, 4, 'PRIORIDAD 3', 3),
	(708, 89, 5, 'PRIORIDAD 2', 2),
	(709, 89, 6, 'PRIORIDAD 3', 3),
	(710, 89, 9, 'PRIORIDAD 3', 3),
	(711, 89, 10, 'PRIORIDAD 4', 4),
	(712, 89, 11, 'PRIORIDAD 3', 3),
	(713, 90, 1, 'NO DESARROLLADO', 0),
	(714, 90, 3, 'NO DESARROLLADO', 0),
	(715, 90, 4, 'PRIORIDAD 3', 3),
	(716, 90, 5, 'PRIORIDAD 2', 2),
	(717, 90, 6, 'PRIORIDAD 3', 3),
	(718, 90, 9, 'PRIORIDAD 3', 3),
	(719, 90, 10, 'PRIORIDAD 4', 4),
	(720, 90, 11, 'PRIORIDAD 3', 3),
	(721, 91, 1, 'NO DESARROLLADO', 0),
	(722, 91, 3, 'NO DESARROLLADO', 0),
	(723, 91, 4, 'PRIORIDAD 3', 3),
	(724, 91, 5, 'PRIORIDAD 2', 2),
	(725, 91, 6, 'PRIORIDAD 3', 3),
	(726, 91, 9, 'PRIORIDAD 3', 3),
	(727, 91, 10, 'PRIORIDAD 4', 4),
	(728, 91, 11, 'PRIORIDAD 3', 3),
	(729, 92, 1, 'NO DESARROLLADO', 0),
	(730, 92, 3, 'NO DESARROLLADO', 0),
	(731, 92, 4, 'PRIORIDAD 3', 3),
	(732, 92, 5, 'PRIORIDAD 2', 2),
	(733, 92, 6, 'PRIORIDAD 3', 3),
	(734, 92, 9, 'PRIORIDAD 3', 3),
	(735, 92, 10, 'PRIORIDAD 4', 4),
	(736, 92, 11, 'PRIORIDAD 3', 3),
	(737, 93, 1, 'NO DESARROLLADO', 0),
	(738, 93, 3, 'NO DESARROLLADO', 0),
	(739, 93, 4, 'PRIORIDAD 3', 3),
	(740, 93, 5, 'PRIORIDAD 1', 1),
	(741, 93, 6, 'PRIORIDAD 3', 3),
	(742, 93, 9, 'PRIORIDAD 3', 3),
	(743, 93, 10, 'PRIORIDAD 1', 1),
	(744, 93, 11, 'PRIORIDAD 1', 1),
	(745, 94, 1, 'NO DESARROLLADO', 0),
	(746, 94, 3, 'NO DESARROLLADO', 0),
	(747, 94, 4, 'PRIORIDAD 3', 3),
	(748, 94, 5, 'PRIORIDAD 2', 2),
	(749, 94, 6, 'PRIORIDAD 3', 3),
	(750, 94, 9, 'PRIORIDAD 3', 3),
	(751, 94, 10, 'PRIORIDAD 4', 4),
	(752, 94, 11, 'PRIORIDAD 3', 3),
	(753, 95, 1, 'NO DESARROLLADO', 0),
	(754, 95, 3, 'NO DESARROLLADO', 0),
	(755, 95, 4, 'PRIORIDAD 3', 3),
	(756, 95, 5, 'PRIORIDAD 2', 2),
	(757, 95, 6, 'PRIORIDAD 3', 3),
	(758, 95, 9, 'PRIORIDAD 3', 3),
	(759, 95, 10, 'PRIORIDAD 4', 4),
	(760, 95, 11, 'PRIORIDAD 3', 3),
	(761, 96, 1, 'NO DESARROLLADO', 0),
	(762, 96, 3, 'NO DESARROLLADO', 0),
	(763, 96, 4, 'PRIORIDAD 3', 3),
	(764, 96, 5, 'PRIORIDAD 1', 1),
	(765, 96, 6, 'PRIORIDAD 3', 3),
	(766, 96, 9, 'PRIORIDAD 3', 3),
	(767, 96, 10, 'PRIORIDAD 1', 1),
	(768, 96, 11, 'PRIORIDAD 1', 1),
	(769, 97, 1, 'NO DESARROLLADO', 0),
	(770, 97, 3, 'NO DESARROLLADO', 0),
	(771, 97, 4, 'PRIORIDAD 3', 3),
	(772, 97, 5, 'PRIORIDAD 1', 1),
	(773, 97, 6, 'PRIORIDAD 3', 3),
	(774, 97, 9, 'PRIORIDAD 3', 3),
	(775, 97, 10, 'PRIORIDAD 1', 1),
	(776, 97, 11, 'PRIORIDAD 1', 1),
	(777, 98, 1, 'NO DESARROLLADO', 0),
	(778, 98, 3, 'NO DESARROLLADO', 0),
	(779, 98, 4, 'PRIORIDAD 2', 2),
	(780, 98, 5, 'PRIORIDAD 1', 1),
	(781, 98, 6, 'PRIORIDAD 3', 3),
	(782, 98, 9, 'PRIORIDAD 3', 3),
	(783, 98, 10, 'PRIORIDAD 3', 3),
	(784, 98, 11, 'PRIORIDAD 1', 1),
	(785, 99, 1, 'NO DESARROLLADO', 0),
	(786, 99, 3, 'NO DESARROLLADO', 0),
	(787, 99, 4, 'PRIORIDAD 3', 3),
	(788, 99, 5, 'PRIORIDAD 2', 2),
	(789, 99, 6, 'PRIORIDAD 3', 3),
	(790, 99, 9, 'PRIORIDAD 3', 3),
	(791, 99, 10, 'PRIORIDAD 4', 4),
	(792, 99, 11, 'PRIORIDAD 3', 3),
	(793, 100, 1, 'NO DESARROLLADO', 0),
	(794, 100, 3, 'NO DESARROLLADO', 0),
	(795, 100, 4, 'PRIORIDAD 2', 2),
	(796, 100, 5, 'PRIORIDAD 1', 1),
	(797, 100, 6, 'PRIORIDAD 3', 3),
	(798, 100, 9, 'PRIORIDAD 3', 3),
	(799, 100, 10, 'PRIORIDAD 3', 3),
	(800, 100, 11, 'PRIORIDAD 1', 1),
	(801, 101, 1, 'NO DESARROLLADO', 0),
	(802, 101, 3, 'NO DESARROLLADO', 0),
	(803, 101, 4, 'PRIORIDAD 3', 3),
	(804, 101, 5, 'PRIORIDAD 2', 2),
	(805, 101, 6, 'PRIORIDAD 3', 3),
	(806, 101, 9, 'PRIORIDAD 3', 3),
	(807, 101, 10, 'PRIORIDAD 4', 4),
	(808, 101, 11, 'PRIORIDAD 3', 3),
	(809, 102, 1, 'NO DESARROLLADO', 0),
	(810, 102, 3, 'NO DESARROLLADO', 0),
	(811, 102, 4, 'PRIORIDAD 3', 3),
	(812, 102, 5, 'PRIORIDAD 2', 2),
	(813, 102, 6, 'PRIORIDAD 3', 3),
	(814, 102, 9, 'PRIORIDAD 3', 3),
	(815, 102, 10, 'PRIORIDAD 4', 4),
	(816, 102, 11, 'PRIORIDAD 3', 3),
	(817, 103, 1, 'NO DESARROLLADO', 0),
	(818, 103, 3, 'NO DESARROLLADO', 0),
	(819, 103, 4, 'PRIORIDAD 3', 3),
	(820, 103, 5, 'PRIORIDAD 2', 2),
	(821, 103, 6, 'PRIORIDAD 3', 3),
	(822, 103, 9, 'PRIORIDAD 3', 3),
	(823, 103, 10, 'PRIORIDAD 4', 4),
	(824, 103, 11, 'PRIORIDAD 3', 3),
	(825, 104, 1, 'NO DESARROLLADO', 0),
	(826, 104, 3, 'NO DESARROLLADO', 0),
	(827, 104, 4, 'PRIORIDAD 3', 3),
	(828, 104, 5, 'PRIORIDAD 2', 2),
	(829, 104, 6, 'PRIORIDAD 3', 3),
	(830, 104, 9, 'PRIORIDAD 3', 3),
	(831, 104, 10, 'PRIORIDAD 4', 4),
	(832, 104, 11, 'PRIORIDAD 3', 3),
	(833, 105, 1, 'NO DESARROLLADO', 0),
	(834, 105, 3, 'NO DESARROLLADO', 0),
	(835, 105, 4, 'PRIORIDAD 1', 1),
	(836, 105, 5, 'PRIORIDAD 1', 1),
	(837, 105, 6, 'PRIORIDAD 3', 3),
	(838, 105, 9, 'PRIORIDAD 3', 3),
	(839, 105, 10, 'PRIORIDAD 3', 3),
	(840, 105, 11, 'PRIORIDAD 1', 1),
	(841, 106, 1, 'NO DESARROLLADO', 0),
	(842, 106, 3, 'NO DESARROLLADO', 0),
	(843, 106, 4, 'PRIORIDAD 1', 1),
	(844, 106, 5, 'PRIORIDAD 1', 1),
	(845, 106, 6, 'PRIORIDAD 3', 3),
	(846, 106, 9, 'PRIORIDAD 3', 3),
	(847, 106, 10, 'PRIORIDAD 3', 3),
	(848, 106, 11, 'PRIORIDAD 1', 1),
	(849, 107, 1, 'NO DESARROLLADO', 0),
	(850, 107, 3, 'NO DESARROLLADO', 0),
	(851, 107, 4, 'PRIORIDAD 3', 3),
	(852, 107, 5, 'PRIORIDAD 2', 2),
	(853, 107, 6, 'PRIORIDAD 3', 3),
	(854, 107, 9, 'PRIORIDAD 3', 3),
	(855, 107, 10, 'PRIORIDAD 4', 4),
	(856, 107, 11, 'PRIORIDAD 3', 3),
	(857, 108, 1, 'NO DESARROLLADO', 0),
	(858, 108, 3, 'NO DESARROLLADO', 0),
	(859, 108, 4, 'PRIORIDAD 2', 2),
	(860, 108, 5, 'PRIORIDAD 3', 3),
	(861, 108, 6, 'PRIORIDAD 3', 3),
	(862, 108, 9, 'PRIORIDAD 3', 3),
	(863, 108, 10, 'PRIORIDAD 1', 1),
	(864, 108, 11, 'PRIORIDAD 3', 3),
	(865, 109, 1, 'NO DESARROLLADO', 0),
	(866, 109, 3, 'NO DESARROLLADO', 0),
	(867, 109, 4, 'PRIORIDAD 3', 3),
	(868, 109, 5, 'PRIORIDAD 2', 2),
	(869, 109, 6, 'PRIORIDAD 3', 3),
	(870, 109, 9, 'PRIORIDAD 3', 3),
	(871, 109, 10, 'PRIORIDAD 4', 4),
	(872, 109, 11, 'PRIORIDAD 3', 3),
	(873, 110, 1, 'NO DESARROLLADO', 0),
	(874, 110, 3, 'NO DESARROLLADO', 0),
	(875, 110, 4, 'PRIORIDAD 1', 1),
	(876, 110, 5, 'PRIORIDAD 1', 1),
	(877, 110, 6, 'PRIORIDAD 3', 3),
	(878, 110, 9, 'PRIORIDAD 3', 3),
	(879, 110, 10, 'PRIORIDAD 3', 3),
	(880, 110, 11, 'PRIORIDAD 1', 1),
	(881, 111, 1, 'NO DESARROLLADO', 0),
	(882, 111, 3, 'NO DESARROLLADO', 0),
	(883, 111, 4, 'PRIORIDAD 1', 1),
	(884, 111, 5, 'PRIORIDAD 1', 1),
	(885, 111, 6, 'PRIORIDAD 3', 3),
	(886, 111, 9, 'PRIORIDAD 3', 3),
	(887, 111, 10, 'PRIORIDAD 3', 3),
	(888, 111, 11, 'PRIORIDAD 1', 1),
	(889, 112, 1, 'NO DESARROLLADO', 0),
	(890, 112, 3, 'NO DESARROLLADO', 0),
	(891, 112, 4, 'PRIORIDAD 2', 2),
	(892, 112, 5, 'PRIORIDAD 1', 1),
	(893, 112, 6, 'PRIORIDAD 3', 3),
	(894, 112, 9, 'PRIORIDAD 3', 3),
	(895, 112, 10, 'PRIORIDAD 3', 3),
	(896, 112, 11, 'PRIORIDAD 1', 1),
	(897, 113, 1, 'NO DESARROLLADO', 0),
	(898, 113, 3, 'NO DESARROLLADO', 0),
	(899, 113, 4, 'PRIORIDAD 2', 2),
	(900, 113, 5, 'PRIORIDAD 1', 1),
	(901, 113, 6, 'PRIORIDAD 3', 3),
	(902, 113, 9, 'PRIORIDAD 3', 3),
	(903, 113, 10, 'PRIORIDAD 3', 3),
	(904, 113, 11, 'PRIORIDAD 1', 1),
	(905, 114, 1, 'NO DESARROLLADO', 0),
	(906, 114, 3, 'NO DESARROLLADO', 0),
	(907, 114, 4, 'PRIORIDAD 2', 2),
	(908, 114, 5, 'PRIORIDAD 2', 2),
	(909, 114, 6, 'PRIORIDAD 3', 3),
	(910, 114, 9, 'PRIORIDAD 3', 3),
	(911, 114, 10, 'PRIORIDAD 2', 2),
	(912, 114, 11, 'PRIORIDAD 2', 2),
	(913, 115, 1, 'NO DESARROLLADO', 0),
	(914, 115, 3, 'NO DESARROLLADO', 0),
	(915, 115, 4, 'PRIORIDAD 2', 2),
	(916, 115, 5, 'PRIORIDAD 2', 2),
	(917, 115, 6, 'PRIORIDAD 3', 3),
	(918, 115, 9, 'PRIORIDAD 3', 3),
	(919, 115, 10, 'PRIORIDAD 2', 2),
	(920, 115, 11, 'PRIORIDAD 2', 2),
	(921, 116, 1, 'NO DESARROLLADO', 0),
	(922, 116, 3, 'NO DESARROLLADO', 0),
	(923, 116, 4, 'PRIORIDAD 2', 2),
	(924, 116, 5, 'PRIORIDAD 2', 2),
	(925, 116, 6, 'PRIORIDAD 3', 3),
	(926, 116, 9, 'PRIORIDAD 3', 3),
	(927, 116, 10, 'PRIORIDAD 2', 2),
	(928, 116, 11, 'PRIORIDAD 2', 2),
	(929, 117, 1, 'NO DESARROLLADO', 0),
	(930, 117, 3, 'NO DESARROLLADO', 0),
	(931, 117, 4, 'PRIORIDAD 2', 2),
	(932, 117, 5, 'PRIORIDAD 2', 2),
	(933, 117, 6, 'PRIORIDAD 3', 3),
	(934, 117, 9, 'PRIORIDAD 3', 3),
	(935, 117, 10, 'PRIORIDAD 2', 2),
	(936, 117, 11, 'PRIORIDAD 2', 2),
	(937, 118, 1, 'PRIORIDAD 4', 4),
	(938, 118, 3, 'PRIORIDAD 4', 4),
	(939, 118, 4, 'PRIORIDAD 2', 2),
	(940, 118, 5, 'PRIORIDAD 3', 3),
	(941, 118, 6, 'PRIORIDAD 3', 3),
	(942, 118, 9, 'PRIORIDAD 3', 3),
	(943, 118, 10, 'PRIORIDAD 3', 3),
	(944, 118, 11, 'PRIORIDAD 1', 1),
	(945, 119, 1, 'PRIORIDAD 3', 3),
	(946, 119, 3, 'PRIORIDAD 3', 3),
	(947, 119, 4, 'PRIORIDAD 2', 2),
	(948, 119, 5, 'PRIORIDAD 3', 3),
	(949, 119, 6, 'PRIORIDAD 3', 3),
	(950, 119, 9, 'PRIORIDAD 3', 3),
	(951, 119, 10, 'PRIORIDAD 3', 3),
	(952, 119, 11, 'PRIORIDAD 1', 1),
	(953, 120, 1, 'PRIORIDAD 3', 3),
	(954, 120, 3, 'PRIORIDAD 3', 3),
	(955, 120, 4, 'PRIORIDAD 2', 2),
	(956, 120, 5, 'PRIORIDAD 3', 3),
	(957, 120, 6, 'PRIORIDAD 3', 3),
	(958, 120, 9, 'PRIORIDAD 3', 3),
	(959, 120, 10, 'PRIORIDAD 3', 3),
	(960, 120, 11, 'PRIORIDAD 1', 1),
	(961, 121, 1, 'PRIORIDAD 3', 3),
	(962, 121, 3, 'PRIORIDAD 3', 3),
	(963, 121, 4, 'PRIORIDAD 2', 2),
	(964, 121, 5, 'PRIORIDAD 3', 3),
	(965, 121, 6, 'PRIORIDAD 3', 3),
	(966, 121, 9, 'PRIORIDAD 3', 3),
	(967, 121, 10, 'PRIORIDAD 3', 3),
	(968, 121, 11, 'PRIORIDAD 1', 1),
	(969, 122, 1, 'PRIORIDAD 3', 3),
	(970, 122, 3, 'PRIORIDAD 3', 3),
	(971, 122, 4, 'PRIORIDAD 3', 3),
	(972, 122, 5, 'PRIORIDAD 3', 3),
	(973, 122, 6, 'PRIORIDAD 3', 3),
	(974, 122, 9, 'PRIORIDAD 3', 3),
	(975, 122, 10, 'PRIORIDAD 3', 3),
	(976, 122, 11, 'PRIORIDAD 1', 1),
	(977, 123, 1, 'PRIORIDAD 3', 3),
	(978, 123, 3, 'PRIORIDAD 3', 3),
	(979, 123, 4, 'PRIORIDAD 3', 3),
	(980, 123, 5, 'PRIORIDAD 3', 3),
	(981, 123, 6, 'PRIORIDAD 3', 3),
	(982, 123, 9, 'PRIORIDAD 3', 3),
	(983, 123, 10, 'PRIORIDAD 3', 3),
	(984, 123, 11, 'PRIORIDAD 1', 1),
	(985, 124, 1, 'LEO', 0),
	(986, 124, 3, 'LEO', 0),
	(987, 124, 4, 'PRIORIDAD 3', 3),
	(988, 124, 5, 'PRIORIDAD 3', 3),
	(989, 124, 6, 'PRIORIDAD 3', 3),
	(990, 124, 9, 'PRIORIDAD 3', 3),
	(991, 124, 10, 'PRIORIDAD 3', 3),
	(992, 124, 11, 'PRIORIDAD 1', 1),
	(993, 125, 1, 'LEO', 0),
	(994, 125, 3, 'LEO', 0),
	(995, 125, 4, 'PRIORIDAD 1', 1),
	(996, 125, 5, 'PRIORIDAD 3', 3),
	(997, 125, 6, 'PRIORIDAD 3', 3),
	(998, 125, 9, 'PRIORIDAD 3', 3),
	(999, 125, 10, 'PRIORIDAD 3', 3),
	(1000, 125, 11, 'PRIORIDAD 1', 1),
	(1001, 126, 1, 'LEO', 0),
	(1002, 126, 3, 'LEO', 0),
	(1003, 126, 4, 'PRIORIDAD 1', 1),
	(1004, 126, 5, 'PRIORIDAD 3', 3),
	(1005, 126, 6, 'PRIORIDAD 3', 3),
	(1006, 126, 9, 'PRIORIDAD 3', 3),
	(1007, 126, 10, 'PRIORIDAD 3', 3),
	(1008, 126, 11, 'PRIORIDAD 1', 1),
	(1009, 127, 1, 'LEO', 0),
	(1010, 127, 3, 'LEO', 0),
	(1011, 127, 4, 'PRIORIDAD 1', 1),
	(1012, 127, 5, 'PRIORIDAD 3', 3),
	(1013, 127, 6, 'PRIORIDAD 3', 3),
	(1014, 127, 9, 'PRIORIDAD 3', 3),
	(1015, 127, 10, 'PRIORIDAD 3', 3),
	(1016, 127, 11, 'PRIORIDAD 1', 1),
	(1017, 128, 1, 'LEO', 0),
	(1018, 128, 3, 'LEO', 0),
	(1019, 128, 4, 'PRIORIDAD 3', 3),
	(1020, 128, 5, 'PRIORIDAD 3', 3),
	(1021, 128, 6, 'PRIORIDAD 3', 3),
	(1022, 128, 9, 'PRIORIDAD 3', 3),
	(1023, 128, 10, 'PRIORIDAD 3', 3),
	(1024, 128, 11, 'PRIORIDAD 1', 1),
	(1025, 129, 1, 'LEO', 0),
	(1026, 129, 3, 'LEO', 0),
	(1027, 129, 4, 'PRIORIDAD 3', 3),
	(1028, 129, 5, 'PRIORIDAD 3', 3),
	(1029, 129, 6, 'PRIORIDAD 3', 3),
	(1030, 129, 9, 'PRIORIDAD 3', 3),
	(1031, 129, 10, 'PRIORIDAD 3', 3),
	(1032, 129, 11, 'PRIORIDAD 1', 1),
	(1033, 130, 1, 'PRIORIDAD 3', 3),
	(1034, 130, 3, 'PRIORIDAD 3', 3),
	(1035, 130, 4, 'PRIORIDAD 3', 3),
	(1036, 130, 5, 'PRIORIDAD 3', 3),
	(1037, 130, 6, 'PRIORIDAD 3', 3),
	(1038, 130, 9, 'PRIORIDAD 3', 3),
	(1039, 130, 10, 'PRIORIDAD 3', 3),
	(1040, 130, 11, 'PRIORIDAD 1', 1),
	(1041, 131, 1, 'PRIORIDAD 3', 3),
	(1042, 131, 3, 'PRIORIDAD 3', 3),
	(1043, 131, 4, 'PRIORIDAD 3', 3),
	(1044, 131, 5, 'PRIORIDAD 3', 3),
	(1045, 131, 6, 'PRIORIDAD 3', 3),
	(1046, 131, 9, 'PRIORIDAD 3', 3),
	(1047, 131, 10, 'PRIORIDAD 3', 3),
	(1048, 131, 11, 'PRIORIDAD 1', 1),
	(1049, 132, 1, 'PRIORIDAD 3', 3),
	(1050, 132, 3, 'PRIORIDAD 3', 3),
	(1051, 132, 4, 'PRIORIDAD 3', 3),
	(1052, 132, 5, 'PRIORIDAD 3', 3),
	(1053, 132, 6, 'PRIORIDAD 3', 3),
	(1054, 132, 9, 'PRIORIDAD 3', 3),
	(1055, 132, 10, 'PRIORIDAD 3', 3),
	(1056, 132, 11, 'PRIORIDAD 1', 1),
	(1057, 133, 1, 'PRIORIDAD 3', 3),
	(1058, 133, 3, 'PRIORIDAD 3', 3),
	(1059, 133, 4, 'PRIORIDAD 3', 3),
	(1060, 133, 5, 'PRIORIDAD 3', 3),
	(1061, 133, 6, 'PRIORIDAD 3', 3),
	(1062, 133, 9, 'PRIORIDAD 3', 3),
	(1063, 133, 10, 'PRIORIDAD 3', 3),
	(1064, 133, 11, 'PRIORIDAD 1', 1),
	(1065, 134, 1, 'PRIORIDAD 3', 3),
	(1066, 134, 3, 'PRIORIDAD 3', 3),
	(1067, 134, 4, 'PRIORIDAD 3', 3),
	(1068, 134, 5, 'PRIORIDAD 3', 3),
	(1069, 134, 6, 'PRIORIDAD 3', 3),
	(1070, 134, 9, 'PRIORIDAD 3', 3),
	(1071, 134, 10, 'PRIORIDAD 3', 3),
	(1072, 134, 11, 'PRIORIDAD 1', 1),
	(1073, 135, 1, 'PRIORIDAD 3', 3),
	(1074, 135, 3, 'PRIORIDAD 3', 3),
	(1075, 135, 4, 'PRIORIDAD 3', 3),
	(1076, 135, 5, 'PRIORIDAD 3', 3),
	(1077, 135, 6, 'PRIORIDAD 3', 3),
	(1078, 135, 9, 'PRIORIDAD 3', 3),
	(1079, 135, 10, 'PRIORIDAD 3', 3),
	(1080, 135, 11, 'PRIORIDAD 1', 1),
	(1081, 136, 1, 'LEO', 0),
	(1082, 136, 3, 'LEO', 0),
	(1083, 136, 4, 'PRIORIDAD 1', 1),
	(1084, 136, 5, 'PRIORIDAD 3', 3),
	(1085, 136, 6, 'PRIORIDAD 3', 3),
	(1086, 136, 9, 'PRIORIDAD 3', 3),
	(1087, 136, 10, 'PRIORIDAD 3', 3),
	(1088, 136, 11, 'PRIORIDAD 1', 1),
	(1089, 137, 1, 'LEO', 0),
	(1090, 137, 3, 'LEO', 0),
	(1091, 137, 4, 'PRIORIDAD 3', 3),
	(1092, 137, 5, 'PRIORIDAD 3', 3),
	(1093, 137, 6, 'PRIORIDAD 3', 3),
	(1094, 137, 9, 'PRIORIDAD 3', 3),
	(1095, 137, 10, 'PRIORIDAD 3', 3),
	(1096, 137, 11, 'PRIORIDAD 1', 1),
	(1097, 138, 1, 'PRIORIDAD 3', 3),
	(1098, 138, 3, 'PRIORIDAD 3', 3),
	(1099, 138, 4, 'PRIORIDAD 3', 3),
	(1100, 138, 5, 'PRIORIDAD 3', 3),
	(1101, 138, 6, 'PRIORIDAD 3', 3),
	(1102, 138, 9, 'PRIORIDAD 3', 3),
	(1103, 138, 10, 'PRIORIDAD 3', 3),
	(1104, 138, 11, 'PRIORIDAD 1', 1),
	(1105, 139, 1, 'PRIORIDAD 3', 3),
	(1106, 139, 3, 'PRIORIDAD 3', 3),
	(1107, 139, 4, 'PRIORIDAD 3', 3),
	(1108, 139, 5, 'PRIORIDAD 3', 3),
	(1109, 139, 6, 'PRIORIDAD 3', 3),
	(1110, 139, 9, 'PRIORIDAD 3', 3),
	(1111, 139, 10, 'PRIORIDAD 3', 3),
	(1112, 139, 11, 'PRIORIDAD 1', 1),
	(1113, 140, 1, 'LEO', 0),
	(1114, 140, 3, 'LEO', 0),
	(1115, 140, 4, 'PRIORIDAD 3', 3),
	(1116, 140, 5, 'PRIORIDAD 3', 3),
	(1117, 140, 6, 'PRIORIDAD 3', 3),
	(1118, 140, 9, 'PRIORIDAD 3', 3),
	(1119, 140, 10, 'PRIORIDAD 3', 3),
	(1120, 140, 11, 'PRIORIDAD 1', 1),
	(1121, 141, 1, 'LEO', 0),
	(1122, 141, 3, 'LEO', 0),
	(1123, 141, 4, 'PRIORIDAD 2', 2),
	(1124, 141, 5, 'PRIORIDAD 2', 2),
	(1125, 141, 6, 'PRIORIDAD 3', 3),
	(1126, 141, 9, 'PRIORIDAD 3', 3),
	(1127, 141, 10, 'PRIORIDAD 3', 3),
	(1128, 141, 11, 'PRIORIDAD 3', 3),
	(1129, 142, 1, 'PRIORIDAD 3', 3),
	(1130, 142, 3, 'PRIORIDAD 3', 3),
	(1131, 142, 4, 'PRIORIDAD 1', 1),
	(1132, 142, 5, 'PRIORIDAD 1', 1),
	(1133, 142, 6, 'PRIORIDAD 3', 3),
	(1134, 142, 9, 'PRIORIDAD 3', 3),
	(1135, 142, 10, 'PRIORIDAD 1', 1),
	(1136, 142, 11, 'PRIORIDAD 1', 1),
	(1137, 143, 1, 'PRIORIDAD 3', 3),
	(1138, 143, 3, 'PRIORIDAD 3', 3),
	(1139, 143, 4, 'PRIORIDAD 2', 2),
	(1140, 143, 5, 'PRIORIDAD 1', 1),
	(1141, 143, 6, 'PRIORIDAD 3', 3),
	(1142, 143, 9, 'PRIORIDAD 3', 3),
	(1143, 143, 10, 'PRIORIDAD 3', 3),
	(1144, 143, 11, 'PRIORIDAD 1', 1),
	(1145, 144, 1, 'NO DESARROLLADO', 0),
	(1146, 144, 3, 'NO DESARROLLADO', 0),
	(1147, 144, 4, 'PRIORIDAD 2', 2),
	(1148, 144, 5, 'PRIORIDAD 1', 1),
	(1149, 144, 6, 'PRIORIDAD 3', 3),
	(1150, 144, 9, 'PRIORIDAD 3', 3),
	(1151, 144, 10, 'PRIORIDAD 3', 3),
	(1152, 144, 11, 'PRIORIDAD 1', 1),
	(1153, 145, 1, 'PRIORIDAD 3', 3),
	(1154, 145, 3, 'PRIORIDAD 3', 3),
	(1155, 145, 4, 'PRIORIDAD 2', 2),
	(1156, 145, 5, 'PRIORIDAD 1', 1),
	(1157, 145, 6, 'PRIORIDAD 3', 3),
	(1158, 145, 9, 'PRIORIDAD 3', 3),
	(1159, 145, 10, 'PRIORIDAD 3', 3),
	(1160, 145, 11, 'PRIORIDAD 1', 1),
	(1161, 146, 1, 'PRIORIDAD 3', 3),
	(1162, 146, 3, 'PRIORIDAD 3', 3),
	(1163, 146, 4, 'PRIORIDAD 2', 2),
	(1164, 146, 5, 'PRIORIDAD 1', 1),
	(1165, 146, 6, 'PRIORIDAD 3', 3),
	(1166, 146, 9, 'PRIORIDAD 3', 3),
	(1167, 146, 10, 'PRIORIDAD 3', 3),
	(1168, 146, 11, 'PRIORIDAD 1', 1),
	(1169, 147, 1, 'PRIORIDAD 3', 3),
	(1170, 147, 3, 'PRIORIDAD 3', 3),
	(1171, 147, 4, 'PRIORIDAD 2', 2),
	(1172, 147, 5, 'PRIORIDAD 1', 1),
	(1173, 147, 6, 'PRIORIDAD 3', 3),
	(1174, 147, 9, 'PRIORIDAD 3', 3),
	(1175, 147, 10, 'PRIORIDAD 2', 2),
	(1176, 147, 11, 'PRIORIDAD 1', 1),
	(1177, 148, 1, 'NO DESARROLLADO', 0),
	(1178, 148, 3, 'NO DESARROLLADO', 0),
	(1179, 148, 4, 'PRIORIDAD 1', 1),
	(1180, 148, 5, 'PRIORIDAD 1', 1),
	(1181, 148, 6, 'PRIORIDAD 3', 3),
	(1182, 148, 9, 'PRIORIDAD 3', 3),
	(1183, 148, 10, 'PRIORIDAD 1', 1),
	(1184, 148, 11, 'PRIORIDAD 1', 1),
	(1185, 149, 1, 'LEO', 0),
	(1186, 149, 3, 'LEO', 0),
	(1187, 149, 4, 'PRIORIDAD 3', 3),
	(1188, 149, 5, 'PRIORIDAD 3', 3),
	(1189, 149, 6, 'PRIORIDAD 3', 3),
	(1190, 149, 9, 'PRIORIDAD 3', 3),
	(1191, 149, 10, 'PRIORIDAD 1', 1),
	(1192, 149, 11, 'PRIORIDAD 1', 1),
	(1193, 150, 1, 'LEO', 0),
	(1194, 150, 3, 'LEO', 0),
	(1195, 150, 4, 'PRIORIDAD 3', 3),
	(1196, 150, 5, 'PRIORIDAD 3', 3),
	(1197, 150, 6, 'PRIORIDAD 3', 3),
	(1198, 150, 9, 'PRIORIDAD 3', 3),
	(1199, 150, 10, 'PRIORIDAD 1', 1),
	(1200, 150, 11, 'PRIORIDAD 1', 1),
	(1201, 151, 1, 'LEO', 0),
	(1202, 151, 3, 'LEO', 0),
	(1203, 151, 4, 'PRIORIDAD 3', 3),
	(1204, 151, 5, 'PRIORIDAD 3', 3),
	(1205, 151, 6, 'PRIORIDAD 3', 3),
	(1206, 151, 9, 'PRIORIDAD 3', 3),
	(1207, 151, 10, 'PRIORIDAD 1', 1),
	(1208, 151, 11, 'PRIORIDAD 1', 1),
	(1209, 152, 1, 'LEO', 0),
	(1210, 152, 3, 'LEO', 0),
	(1211, 152, 4, 'PRIORIDAD 3', 3),
	(1212, 152, 5, 'PRIORIDAD 3', 3),
	(1213, 152, 6, 'PRIORIDAD 3', 3),
	(1214, 152, 9, 'PRIORIDAD 3', 3),
	(1215, 152, 10, 'PRIORIDAD 1', 1),
	(1216, 152, 11, 'PRIORIDAD 1', 1),
	(1217, 153, 1, 'LEO', 0),
	(1218, 153, 3, 'LEO', 0),
	(1219, 153, 4, 'PRIORIDAD 3', 3),
	(1220, 153, 5, 'PRIORIDAD 3', 3),
	(1221, 153, 6, 'PRIORIDAD 3', 3),
	(1222, 153, 9, 'PRIORIDAD 3', 3),
	(1223, 153, 10, 'PRIORIDAD 1', 1),
	(1224, 153, 11, 'PRIORIDAD 1', 1),
	(1225, 154, 1, 'LEO', 0),
	(1226, 154, 3, 'LEO', 0),
	(1227, 154, 4, 'PRIORIDAD 2', 2),
	(1228, 154, 5, 'PRIORIDAD 3', 3),
	(1229, 154, 6, 'PRIORIDAD 3', 3),
	(1230, 154, 9, 'PRIORIDAD 3', 3),
	(1231, 154, 10, 'PRIORIDAD 4', 4),
	(1232, 154, 11, 'PRIORIDAD 2', 2),
	(1233, 155, 1, 'LEO', 0),
	(1234, 155, 3, 'LEO', 0),
	(1235, 155, 4, 'PRIORIDAD 2', 2),
	(1236, 155, 5, 'PRIORIDAD 3', 3),
	(1237, 155, 6, 'PRIORIDAD 3', 3),
	(1238, 155, 9, 'PRIORIDAD 3', 3),
	(1239, 155, 10, 'PRIORIDAD 4', 4),
	(1240, 155, 11, 'PRIORIDAD 2', 2),
	(1241, 156, 1, 'LEO', 0),
	(1242, 156, 3, 'LEO', 0),
	(1243, 156, 4, 'PRIORIDAD 3', 3),
	(1244, 156, 5, 'PRIORIDAD 3', 3),
	(1245, 156, 6, 'PRIORIDAD 3', 3),
	(1246, 156, 9, 'PRIORIDAD 3', 3),
	(1247, 156, 10, 'PRIORIDAD 1', 1),
	(1248, 156, 11, 'PRIORIDAD 1', 1),
	(1249, 157, 1, 'PRIORIDAD 4', 4),
	(1250, 157, 3, 'PRIORIDAD 4', 4),
	(1251, 157, 4, 'PRIORIDAD 3', 3),
	(1252, 157, 5, 'PRIORIDAD 3', 3),
	(1253, 157, 6, 'PRIORIDAD 3', 3),
	(1254, 157, 9, 'PRIORIDAD 3', 3),
	(1255, 157, 10, 'PRIORIDAD 1', 1),
	(1256, 157, 11, 'PRIORIDAD 1', 1),
	(1257, 158, 1, 'LEO', 0),
	(1258, 158, 3, 'LEO', 0),
	(1259, 158, 4, 'PRIORIDAD 3', 3),
	(1260, 158, 5, 'PRIORIDAD 3', 3),
	(1261, 158, 6, 'PRIORIDAD 3', 3),
	(1262, 158, 9, 'PRIORIDAD 3', 3),
	(1263, 158, 10, 'PRIORIDAD 1', 1),
	(1264, 158, 11, 'PRIORIDAD 1', 1),
	(1265, 159, 1, 'LEO', 0),
	(1266, 159, 3, 'LEO', 0),
	(1267, 159, 4, 'PRIORIDAD 3', 3),
	(1268, 159, 5, 'PRIORIDAD 2', 2),
	(1269, 159, 6, 'PRIORIDAD 3', 3),
	(1270, 159, 9, 'PRIORIDAD 3', 3),
	(1271, 159, 10, 'PRIORIDAD 2', 2),
	(1272, 159, 11, 'PRIORIDAD 2', 2),
	(1273, 160, 1, 'LEO', 0),
	(1274, 160, 3, 'LEO', 0),
	(1275, 160, 4, 'PRIORIDAD 4', 4),
	(1276, 160, 5, 'PRIORIDAD 2', 2),
	(1277, 160, 6, 'PRIORIDAD 4', 4),
	(1278, 160, 9, 'PRIORIDAD 3', 3),
	(1279, 160, 10, 'PRIORIDAD 4', 4),
	(1280, 160, 11, 'PRIORIDAD 2', 2),
	(1281, 161, 1, 'LEO', 0),
	(1282, 161, 3, 'LEO', 0),
	(1283, 161, 4, 'PRIORIDAD 4', 4),
	(1284, 161, 5, 'PRIORIDAD 2', 2),
	(1285, 161, 6, 'PRIORIDAD 4', 4),
	(1286, 161, 9, 'PRIORIDAD 3', 3),
	(1287, 161, 10, 'PRIORIDAD 4', 4),
	(1288, 161, 11, 'PRIORIDAD 2', 2),
	(1289, 162, 1, 'LEO', 0),
	(1290, 162, 3, 'LEO', 0),
	(1291, 162, 4, 'PRIORIDAD 4', 4),
	(1292, 162, 5, 'PRIORIDAD 2', 2),
	(1293, 162, 6, 'PRIORIDAD 4', 4),
	(1294, 162, 9, 'PRIORIDAD 3', 3),
	(1295, 162, 10, 'PRIORIDAD 4', 4),
	(1296, 162, 11, 'PRIORIDAD 2', 2),
	(1297, 163, 1, 'LEO', 0),
	(1298, 163, 3, 'LEO', 0),
	(1299, 163, 4, 'PRIORIDAD 1', 1),
	(1300, 163, 5, 'PRIORIDAD 3', 3),
	(1301, 163, 6, 'PRIORIDAD 3', 3),
	(1302, 163, 9, 'PRIORIDAD 3', 3),
	(1303, 163, 10, 'PRIORIDAD 1', 1),
	(1304, 163, 11, 'PRIORIDAD 1', 1),
	(1305, 164, 1, 'LEO', 0),
	(1306, 164, 3, 'LEO', 0),
	(1307, 164, 4, 'PRIORIDAD 1', 1),
	(1308, 164, 5, 'PRIORIDAD 3', 3),
	(1309, 164, 6, 'PRIORIDAD 3', 3),
	(1310, 164, 9, 'PRIORIDAD 3', 3),
	(1311, 164, 10, 'PRIORIDAD 1', 1),
	(1312, 164, 11, 'PRIORIDAD 1', 1),
	(1313, 165, 1, 'LEO', 0),
	(1314, 165, 3, 'LEO', 0),
	(1315, 165, 4, 'PRIORIDAD 2', 2),
	(1316, 165, 5, 'PRIORIDAD 2', 2),
	(1317, 165, 6, 'PRIORIDAD 3', 3),
	(1318, 165, 9, 'PRIORIDAD 3', 3),
	(1319, 165, 10, 'PRIORIDAD 2', 2),
	(1320, 165, 11, 'PRIORIDAD 3', 3),
	(1321, 166, 1, 'LEO', 0),
	(1322, 166, 3, 'LEO', 0),
	(1323, 166, 4, 'PRIORIDAD 4', 4),
	(1324, 166, 5, 'PRIORIDAD 2', 2),
	(1325, 166, 6, 'PRIORIDAD 4', 4),
	(1326, 166, 9, 'PRIORIDAD 3', 3),
	(1327, 166, 10, 'PRIORIDAD 4', 4),
	(1328, 166, 11, 'PRIORIDAD 2', 2),
	(1329, 167, 1, 'LEO', 0),
	(1330, 167, 3, 'LEO', 0),
	(1331, 167, 4, 'PRIORIDAD 4', 4),
	(1332, 167, 5, 'PRIORIDAD 2', 2),
	(1333, 167, 6, 'PRIORIDAD 4', 4),
	(1334, 167, 9, 'PRIORIDAD 3', 3),
	(1335, 167, 10, 'PRIORIDAD 4', 4),
	(1336, 167, 11, 'PRIORIDAD 2', 2),
	(1337, 168, 1, 'LEO', 0),
	(1338, 168, 3, 'LEO', 0),
	(1339, 168, 4, 'PRIORIDAD 4', 4),
	(1340, 168, 5, 'PRIORIDAD 2', 2),
	(1341, 168, 6, 'PRIORIDAD 4', 4),
	(1342, 168, 9, 'PRIORIDAD 3', 3),
	(1343, 168, 10, 'PRIORIDAD 4', 4),
	(1344, 168, 11, 'PRIORIDAD 2', 2),
	(1345, 169, 1, 'LEO', 0),
	(1346, 169, 3, 'LEO', 0),
	(1347, 169, 4, 'PRIORIDAD 4', 4),
	(1348, 169, 5, 'PRIORIDAD 2', 2),
	(1349, 169, 6, 'PRIORIDAD 4', 4),
	(1350, 169, 9, 'PRIORIDAD 3', 3),
	(1351, 169, 10, 'PRIORIDAD 4', 4),
	(1352, 169, 11, 'PRIORIDAD 2', 2),
	(1353, 170, 1, 'PRIORIDAD 2', 2),
	(1354, 170, 3, 'PRIORIDAD 2', 2),
	(1355, 170, 4, 'PRIORIDAD 2', 2),
	(1356, 170, 5, 'PRIORIDAD 4', 4),
	(1357, 170, 6, 'PRIORIDAD 3', 3),
	(1358, 170, 9, 'PRIORIDAD 3', 3),
	(1359, 170, 10, 'PRIORIDAD 2', 2),
	(1360, 170, 11, 'PRIORIDAD 2', 2),
	(1361, 171, 1, 'LEO', 0),
	(1362, 171, 3, 'LEO', 0),
	(1363, 171, 4, 'PRIORIDAD 3', 3),
	(1364, 171, 5, 'PRIORIDAD 2', 2),
	(1365, 171, 6, 'PRIORIDAD 3', 3),
	(1366, 171, 9, 'PRIORIDAD 3', 3),
	(1367, 171, 10, 'PRIORIDAD 2', 2),
	(1368, 171, 11, 'PRIORIDAD 3', 3),
	(1369, 172, 1, 'LEO', 0),
	(1370, 172, 3, 'LEO', 0),
	(1371, 172, 4, 'PRIORIDAD 2', 2),
	(1372, 172, 5, 'PRIORIDAD 2', 2),
	(1373, 172, 6, 'PRIORIDAD 3', 3),
	(1374, 172, 9, 'PRIORIDAD 3', 3),
	(1375, 172, 10, 'PRIORIDAD 2', 2),
	(1376, 172, 11, 'PRIORIDAD 3', 3),
	(1377, 173, 1, 'LEO', 0),
	(1378, 173, 3, 'LEO', 0),
	(1379, 173, 4, 'PRIORIDAD 3', 3),
	(1380, 173, 5, 'PRIORIDAD 2', 2),
	(1381, 173, 6, 'PRIORIDAD 3', 3),
	(1382, 173, 9, 'PRIORIDAD 3', 3),
	(1383, 173, 10, 'PRIORIDAD 2', 2),
	(1384, 173, 11, 'PRIORIDAD 2', 2),
	(1385, 174, 1, 'LEO', 0),
	(1386, 174, 3, 'LEO', 0),
	(1387, 174, 4, 'PRIORIDAD 3', 3),
	(1388, 174, 5, 'PRIORIDAD 4', 4),
	(1389, 174, 6, 'PRIORIDAD 3', 3),
	(1390, 174, 9, 'PRIORIDAD 3', 3),
	(1391, 174, 10, 'PRIORIDAD 2', 2),
	(1392, 174, 11, 'PRIORIDAD 2', 2),
	(1393, 175, 1, 'LEO', 0),
	(1394, 175, 3, 'LEO', 0),
	(1395, 175, 4, 'PRIORIDAD 3', 3),
	(1396, 175, 5, 'PRIORIDAD 4', 4),
	(1397, 175, 6, 'PRIORIDAD 3', 3),
	(1398, 175, 9, 'PRIORIDAD 3', 3),
	(1399, 175, 10, 'PRIORIDAD 2', 2),
	(1400, 175, 11, 'PRIORIDAD 2', 2),
	(1401, 176, 1, 'PRIORIDAD 2', 2),
	(1402, 176, 3, 'PRIORIDAD 2', 2),
	(1403, 176, 4, 'PRIORIDAD 3', 3),
	(1404, 176, 5, 'PRIORIDAD 3', 3),
	(1405, 176, 6, 'PRIORIDAD 3', 3),
	(1406, 176, 9, 'PRIORIDAD 3', 3),
	(1407, 176, 10, 'PRIORIDAD 1', 1),
	(1408, 176, 11, 'PRIORIDAD 1', 1),
	(1409, 177, 1, 'PRIORIDAD 2', 2),
	(1410, 177, 3, 'PRIORIDAD 2', 2),
	(1411, 177, 4, 'PRIORIDAD 3', 3),
	(1412, 177, 5, 'PRIORIDAD 3', 3),
	(1413, 177, 6, 'PRIORIDAD 3', 3),
	(1414, 177, 9, 'PRIORIDAD 3', 3),
	(1415, 177, 10, 'PRIORIDAD 1', 1),
	(1416, 177, 11, 'PRIORIDAD 1', 1),
	(1417, 178, 1, 'PRIORIDAD 2', 2),
	(1418, 178, 3, 'PRIORIDAD 2', 2),
	(1419, 178, 4, 'PRIORIDAD 3', 3),
	(1420, 178, 5, 'PRIORIDAD 3', 3),
	(1421, 178, 6, 'PRIORIDAD 3', 3),
	(1422, 178, 9, 'PRIORIDAD 3', 3),
	(1423, 178, 10, 'PRIORIDAD 1', 1),
	(1424, 178, 11, 'PRIORIDAD 1', 1),
	(1425, 179, 1, 'PRIORIDAD 4', 4),
	(1426, 179, 3, 'PRIORIDAD 4', 4),
	(1427, 179, 4, 'PRIORIDAD 3', 3),
	(1428, 179, 5, 'PRIORIDAD 4', 4),
	(1429, 179, 6, 'PRIORIDAD 3', 3),
	(1430, 179, 9, 'PRIORIDAD 3', 3),
	(1431, 179, 10, 'PRIORIDAD 2', 2),
	(1432, 179, 11, 'PRIORIDAD 2', 2),
	(1433, 180, 1, 'PRIORIDAD 4', 4),
	(1434, 180, 3, 'PRIORIDAD 4', 4),
	(1435, 180, 4, 'PRIORIDAD 3', 3),
	(1436, 180, 5, 'PRIORIDAD 3', 3),
	(1437, 180, 6, 'PRIORIDAD 3', 3),
	(1438, 180, 9, 'PRIORIDAD 3', 3),
	(1439, 180, 10, 'PRIORIDAD 1', 1),
	(1440, 180, 11, 'PRIORIDAD 1', 1),
	(1441, 181, 1, 'LEO', 0),
	(1442, 181, 3, 'LEO', 0),
	(1443, 181, 4, 'PRIORIDAD 3', 3),
	(1444, 181, 5, 'PRIORIDAD 4', 4),
	(1445, 181, 6, 'PRIORIDAD 3', 3),
	(1446, 181, 9, 'PRIORIDAD 3', 3),
	(1447, 181, 10, 'PRIORIDAD 2', 2),
	(1448, 181, 11, 'PRIORIDAD 2', 2),
	(1449, 182, 1, 'LEO', 0),
	(1450, 182, 3, 'LEO', 0),
	(1451, 182, 4, 'PRIORIDAD 3', 3),
	(1452, 182, 5, 'PRIORIDAD 3', 3),
	(1453, 182, 6, 'PRIORIDAD 3', 3),
	(1454, 182, 9, 'PRIORIDAD 3', 3),
	(1455, 182, 10, 'PRIORIDAD 1', 1),
	(1456, 182, 11, 'PRIORIDAD 1', 1),
	(1457, 183, 1, 'NO DESARROLLADO', 0),
	(1458, 183, 3, 'NO DESARROLLADO', 0),
	(1459, 183, 4, 'PRIORIDAD 2', 2),
	(1460, 183, 5, 'PRIORIDAD 2', 2),
	(1461, 183, 6, 'PRIORIDAD 3', 3),
	(1462, 183, 9, 'PRIORIDAD 3', 3),
	(1463, 183, 10, 'PRIORIDAD 2', 2),
	(1464, 183, 11, 'PRIORIDAD 2', 2),
	(1465, 184, 1, 'NO DESARROLLADO', 0),
	(1466, 184, 3, 'NO DESARROLLADO', 0),
	(1467, 184, 4, 'PRIORIDAD 3', 3),
	(1468, 184, 5, 'PRIORIDAD 4', 4),
	(1469, 184, 6, 'PRIORIDAD 3', 3),
	(1470, 184, 9, 'PRIORIDAD 3', 3),
	(1471, 184, 10, 'PRIORIDAD 3', 3),
	(1472, 184, 11, 'PRIORIDAD 3', 3),
	(1473, 185, 1, 'NO DESARROLLADO', 0),
	(1474, 185, 3, 'NO DESARROLLADO', 0),
	(1475, 185, 4, 'PRIORIDAD 2', 2),
	(1476, 185, 5, 'PRIORIDAD 2', 2),
	(1477, 185, 6, 'PRIORIDAD 3', 3),
	(1478, 185, 9, 'PRIORIDAD 3', 3),
	(1479, 185, 10, 'PRIORIDAD 3', 3),
	(1480, 185, 11, 'PRIORIDAD 2', 2),
	(1481, 186, 1, 'NO DESARROLLADO', 0),
	(1482, 186, 3, 'NO DESARROLLADO', 0),
	(1483, 186, 4, 'PRIORIDAD 2', 2),
	(1484, 186, 5, 'PRIORIDAD 2', 2),
	(1485, 186, 6, 'PRIORIDAD 3', 3),
	(1486, 186, 9, 'PRIORIDAD 3', 3),
	(1487, 186, 10, 'PRIORIDAD 3', 3),
	(1488, 186, 11, 'PRIORIDAD 2', 2),
	(1489, 187, 1, 'NO DESARROLLADO', 0),
	(1490, 187, 3, 'NO DESARROLLADO', 0),
	(1491, 187, 4, 'PRIORIDAD 3', 3),
	(1492, 187, 5, 'PRIORIDAD 2', 2),
	(1493, 187, 6, 'PRIORIDAD 3', 3),
	(1494, 187, 9, 'PRIORIDAD 3', 3),
	(1495, 187, 10, 'PRIORIDAD 3', 3),
	(1496, 187, 11, 'PRIORIDAD 3', 3),
	(1497, 188, 1, 'NO DESARROLLADO', 0),
	(1498, 188, 3, 'NO DESARROLLADO', 0),
	(1499, 188, 4, 'PRIORIDAD 3', 3),
	(1500, 188, 5, 'PRIORIDAD 4', 4),
	(1501, 188, 6, 'PRIORIDAD 3', 3),
	(1502, 188, 9, 'PRIORIDAD 3', 3),
	(1503, 188, 10, 'PRIORIDAD 3', 3),
	(1504, 188, 11, 'PRIORIDAD 3', 3),
	(1505, 189, 1, 'NO DESARROLLADO', 0),
	(1506, 189, 3, 'NO DESARROLLADO', 0),
	(1507, 189, 4, 'PRIORIDAD 2', 2),
	(1508, 189, 5, 'PRIORIDAD 2', 2),
	(1509, 189, 6, 'PRIORIDAD 3', 3),
	(1510, 189, 9, 'PRIORIDAD 3', 3),
	(1511, 189, 10, 'PRIORIDAD 3', 3),
	(1512, 189, 11, 'PRIORIDAD 2', 2),
	(1513, 190, 1, 'NO DESARROLLADO', 0),
	(1514, 190, 3, 'NO DESARROLLADO', 0),
	(1515, 190, 4, 'PRIORIDAD 2', 2),
	(1516, 190, 5, 'PRIORIDAD 2', 2),
	(1517, 190, 6, 'PRIORIDAD 3', 3),
	(1518, 190, 9, 'PRIORIDAD 3', 3),
	(1519, 190, 10, 'PRIORIDAD 3', 3),
	(1520, 190, 11, 'PRIORIDAD 2', 2),
	(1521, 191, 1, 'NO DESARROLLADO', 0),
	(1522, 191, 3, 'NO DESARROLLADO', 0),
	(1523, 191, 4, 'PRIORIDAD 3', 3),
	(1524, 191, 5, 'PRIORIDAD 4', 4),
	(1525, 191, 6, 'PRIORIDAD 3', 3),
	(1526, 191, 9, 'PRIORIDAD 3', 3),
	(1527, 191, 10, 'PRIORIDAD 3', 3),
	(1528, 191, 11, 'PRIORIDAD 3', 3),
	(1529, 192, 1, 'NO DESARROLLADO', 0),
	(1530, 192, 3, 'NO DESARROLLADO', 0),
	(1531, 192, 4, 'PRIORIDAD 3', 3),
	(1532, 192, 5, 'PRIORIDAD 4', 4),
	(1533, 192, 6, 'PRIORIDAD 3', 3),
	(1534, 192, 9, 'PRIORIDAD 3', 3),
	(1535, 192, 10, 'PRIORIDAD 3', 3),
	(1536, 192, 11, 'PRIORIDAD 3', 3),
	(1537, 193, 1, 'NO DESARROLLADO', 0),
	(1538, 193, 3, 'NO DESARROLLADO', 0),
	(1539, 193, 4, 'PRIORIDAD 3', 3),
	(1540, 193, 5, 'PRIORIDAD 4', 4),
	(1541, 193, 6, 'PRIORIDAD 3', 3),
	(1542, 193, 9, 'PRIORIDAD 3', 3),
	(1543, 193, 10, 'PRIORIDAD 1', 1),
	(1544, 193, 11, 'PRIORIDAD 1', 1),
	(1545, 194, 1, 'NO DESARROLLADO', 0),
	(1546, 194, 3, 'NO DESARROLLADO', 0),
	(1547, 194, 4, 'PRIORIDAD 3', 3),
	(1548, 194, 5, 'PRIORIDAD 4', 4),
	(1549, 194, 6, 'PRIORIDAD 3', 3),
	(1550, 194, 9, 'PRIORIDAD 3', 3),
	(1551, 194, 10, 'PRIORIDAD 1', 1),
	(1552, 194, 11, 'PRIORIDAD 1', 1),
	(1553, 195, 1, 'NO DESARROLLADO', 0),
	(1554, 195, 3, 'NO DESARROLLADO', 0),
	(1555, 195, 4, 'PRIORIDAD 3', 3),
	(1556, 195, 5, 'PRIORIDAD 2', 2),
	(1557, 195, 6, 'PRIORIDAD 3', 3),
	(1558, 195, 9, 'PRIORIDAD 3', 3),
	(1559, 195, 10, 'PRIORIDAD 1', 1),
	(1560, 195, 11, 'PRIORIDAD 1', 1),
	(1561, 196, 1, 'NO DESARROLLADO', 0),
	(1562, 196, 3, 'NO DESARROLLADO', 0),
	(1563, 196, 4, 'PRIORIDAD 2', 2),
	(1564, 196, 5, 'PRIORIDAD 2', 2),
	(1565, 196, 6, 'PRIORIDAD 3', 3),
	(1566, 196, 9, 'PRIORIDAD 3', 3),
	(1567, 196, 10, 'PRIORIDAD 2', 2),
	(1568, 196, 11, 'PRIORIDAD 2', 2),
	(1569, 197, 1, 'NO DESARROLLADO', 0),
	(1570, 197, 3, 'NO DESARROLLADO', 0),
	(1571, 197, 4, 'PRIORIDAD 3', 3),
	(1572, 197, 5, 'PRIORIDAD 2', 2),
	(1573, 197, 6, 'PRIORIDAD 3', 3),
	(1574, 197, 9, 'PRIORIDAD 3', 3),
	(1575, 197, 10, 'PRIORIDAD 1', 1),
	(1576, 197, 11, 'PRIORIDAD 1', 1),
	(1577, 198, 1, 'NO DESARROLLADO', 0),
	(1578, 198, 3, 'NO DESARROLLADO', 0),
	(1579, 198, 4, 'PRIORIDAD 3', 3),
	(1580, 198, 5, 'PRIORIDAD 2', 2),
	(1581, 198, 6, 'PRIORIDAD 3', 3),
	(1582, 198, 9, 'PRIORIDAD 3', 3),
	(1583, 198, 10, 'PRIORIDAD 1', 1),
	(1584, 198, 11, 'PRIORIDAD 1', 1),
	(1585, 199, 1, 'NO DESARROLLADO', 0),
	(1586, 199, 3, 'NO DESARROLLADO', 0),
	(1587, 199, 4, 'PRIORIDAD 2', 2),
	(1588, 199, 5, 'PRIORIDAD 2', 2),
	(1589, 199, 6, 'PRIORIDAD 3', 3),
	(1590, 199, 9, 'PRIORIDAD 3', 3),
	(1591, 199, 10, 'PRIORIDAD 3', 3),
	(1592, 199, 11, 'PRIORIDAD 2', 2),
	(1593, 200, 1, 'NO DESARROLLADO', 0),
	(1594, 200, 3, 'NO DESARROLLADO', 0),
	(1595, 200, 4, 'PRIORIDAD 3', 3),
	(1596, 200, 5, 'PRIORIDAD 3', 3),
	(1597, 200, 6, 'PRIORIDAD 2', 2),
	(1598, 200, 9, 'PRIORIDAD 3', 3),
	(1599, 200, 10, 'PRIORIDAD 1', 1),
	(1600, 200, 11, 'PRIORIDAD 2', 2),
	(1601, 201, 1, 'NO DESARROLLADO', 0),
	(1602, 201, 3, 'NO DESARROLLADO', 0),
	(1603, 201, 4, 'PRIORIDAD 3', 3),
	(1604, 201, 5, 'PRIORIDAD 3', 3),
	(1605, 201, 6, 'PRIORIDAD 2', 2),
	(1606, 201, 9, 'PRIORIDAD 3', 3),
	(1607, 201, 10, 'PRIORIDAD 1', 1),
	(1608, 201, 11, 'PRIORIDAD 2', 2),
	(1609, 202, 1, 'NO DESARROLLADO', 0),
	(1610, 202, 3, 'NO DESARROLLADO', 0),
	(1611, 202, 4, 'PRIORIDAD 2', 2),
	(1612, 202, 5, 'PRIORIDAD 2', 2),
	(1613, 202, 6, 'PRIORIDAD 3', 3),
	(1614, 202, 9, 'PRIORIDAD 3', 3),
	(1615, 202, 10, 'PRIORIDAD 2', 2),
	(1616, 202, 11, 'PRIORIDAD 2', 2),
	(1617, 203, 1, 'NO DESARROLLADO', 0),
	(1618, 203, 3, 'NO DESARROLLADO', 0),
	(1619, 203, 4, 'PRIORIDAD 3', 3),
	(1620, 203, 5, 'PRIORIDAD 3', 3),
	(1621, 203, 6, 'PRIORIDAD 2', 2),
	(1622, 203, 9, 'PRIORIDAD 3', 3),
	(1623, 203, 10, 'PRIORIDAD 1', 1),
	(1624, 203, 11, 'PRIORIDAD 2', 2),
	(1625, 204, 1, 'NO DESARROLLADO', 0),
	(1626, 204, 3, 'NO DESARROLLADO', 0),
	(1627, 204, 4, 'PRIORIDAD 2', 2),
	(1628, 204, 5, 'PRIORIDAD 2', 2),
	(1629, 204, 6, 'PRIORIDAD 3', 3),
	(1630, 204, 9, 'PRIORIDAD 3', 3),
	(1631, 204, 10, 'PRIORIDAD 2', 2),
	(1632, 204, 11, 'PRIORIDAD 2', 2),
	(1633, 205, 1, 'NO DESARROLLADO', 0),
	(1634, 205, 3, 'NO DESARROLLADO', 0),
	(1635, 205, 4, 'PRIORIDAD 2', 2),
	(1636, 205, 5, 'PRIORIDAD 2', 2),
	(1637, 205, 6, 'PRIORIDAD 3', 3),
	(1638, 205, 9, 'PRIORIDAD 3', 3),
	(1639, 205, 10, 'PRIORIDAD 2', 2),
	(1640, 205, 11, 'PRIORIDAD 2', 2),
	(1641, 206, 1, 'NO DESARROLLADO', 0),
	(1642, 206, 3, 'NO DESARROLLADO', 0),
	(1643, 206, 4, 'PRIORIDAD 2', 2),
	(1644, 206, 5, 'PRIORIDAD 2', 2),
	(1645, 206, 6, 'PRIORIDAD 3', 3),
	(1646, 206, 9, 'PRIORIDAD 3', 3),
	(1647, 206, 10, 'PRIORIDAD 2', 2),
	(1648, 206, 11, 'PRIORIDAD 2', 2),
	(1649, 207, 1, 'NO DESARROLLADO', 0),
	(1650, 207, 3, 'NO DESARROLLADO', 0),
	(1651, 207, 4, 'PRIORIDAD 2', 2),
	(1652, 207, 5, 'PRIORIDAD 2', 2),
	(1653, 207, 6, 'PRIORIDAD 3', 3),
	(1654, 207, 9, 'PRIORIDAD 3', 3),
	(1655, 207, 10, 'PRIORIDAD 3', 3),
	(1656, 207, 11, 'PRIORIDAD 3', 3),
	(1657, 208, 1, 'NO DESARROLLADO', 0),
	(1658, 208, 3, 'NO DESARROLLADO', 0),
	(1659, 208, 4, 'PRIORIDAD 3', 3),
	(1660, 208, 5, 'PRIORIDAD 2', 2),
	(1661, 208, 6, 'PRIORIDAD 3', 3),
	(1662, 208, 9, 'PRIORIDAD 3', 3),
	(1663, 208, 10, 'PRIORIDAD 3', 3),
	(1664, 208, 11, 'PRIORIDAD 3', 3),
	(1665, 209, 1, 'NO DESARROLLADO', 0),
	(1666, 209, 3, 'NO DESARROLLADO', 0),
	(1667, 209, 4, 'PRIORIDAD 3', 3),
	(1668, 209, 5, 'PRIORIDAD 2', 2),
	(1669, 209, 6, 'PRIORIDAD 3', 3),
	(1670, 209, 9, 'PRIORIDAD 3', 3),
	(1671, 209, 10, 'PRIORIDAD 2', 2),
	(1672, 209, 11, 'PRIORIDAD 2', 2),
	(1673, 210, 1, 'NO DESARROLLADO', 0),
	(1674, 210, 3, 'NO DESARROLLADO', 0),
	(1675, 210, 4, 'PRIORIDAD 3', 3),
	(1676, 210, 5, 'PRIORIDAD 2', 2),
	(1677, 210, 6, 'PRIORIDAD 3', 3),
	(1678, 210, 9, 'PRIORIDAD 3', 3),
	(1679, 210, 10, 'PRIORIDAD 3', 3),
	(1680, 210, 11, 'PRIORIDAD 2', 2),
	(1681, 211, 1, 'NO DESARROLLADO', 0),
	(1682, 211, 3, 'NO DESARROLLADO', 0),
	(1683, 211, 4, 'PRIORIDAD 2', 2),
	(1684, 211, 5, 'PRIORIDAD 2', 2),
	(1685, 211, 6, 'PRIORIDAD 3', 3),
	(1686, 211, 9, 'PRIORIDAD 3', 3),
	(1687, 211, 10, 'PRIORIDAD 2', 2),
	(1688, 211, 11, 'PRIORIDAD 2', 2),
	(1689, 212, 1, 'NO DESARROLLADO', 0),
	(1690, 212, 3, 'NO DESARROLLADO', 0),
	(1691, 212, 4, 'PRIORIDAD 2', 2),
	(1692, 212, 5, 'PRIORIDAD 2', 2),
	(1693, 212, 6, 'PRIORIDAD 3', 3),
	(1694, 212, 9, 'PRIORIDAD 3', 3),
	(1695, 212, 10, 'PRIORIDAD 2', 2),
	(1696, 212, 11, 'PRIORIDAD 2', 2),
	(1697, 213, 1, 'NO DESARROLLADO', 0),
	(1698, 213, 3, 'NO DESARROLLADO', 0),
	(1699, 213, 4, 'PRIORIDAD 2', 2),
	(1700, 213, 5, 'PRIORIDAD 2', 2),
	(1701, 213, 6, 'PRIORIDAD 3', 3),
	(1702, 213, 9, 'PRIORIDAD 3', 3),
	(1703, 213, 10, 'PRIORIDAD 3', 3),
	(1704, 213, 11, 'PRIORIDAD 2', 2),
	(1705, 214, 1, 'NO DESARROLLADO', 0),
	(1706, 214, 3, 'NO DESARROLLADO', 0),
	(1707, 214, 4, 'PRIORIDAD 2', 2),
	(1708, 214, 5, 'PRIORIDAD 1', 1),
	(1709, 214, 6, 'PRIORIDAD 2', 2),
	(1710, 214, 9, 'PRIORIDAD 3', 3),
	(1711, 214, 10, 'PRIORIDAD 3', 3),
	(1712, 214, 11, 'PRIORIDAD 1', 1),
	(1713, 215, 1, 'NO DESARROLLADO', 0),
	(1714, 215, 3, 'NO DESARROLLADO', 0),
	(1715, 215, 4, 'PRIORIDAD 2', 2),
	(1716, 215, 5, 'PRIORIDAD 1', 1),
	(1717, 215, 6, 'PRIORIDAD 2', 2),
	(1718, 215, 9, 'PRIORIDAD 3', 3),
	(1719, 215, 10, 'PRIORIDAD 3', 3),
	(1720, 215, 11, 'PRIORIDAD 1', 1),
	(1721, 216, 1, 'NO DESARROLLADO', 0),
	(1722, 216, 3, 'NO DESARROLLADO', 0),
	(1723, 216, 4, 'PRIORIDAD 2', 2),
	(1724, 216, 5, 'PRIORIDAD 1', 1),
	(1725, 216, 6, 'PRIORIDAD 2', 2),
	(1726, 216, 9, 'PRIORIDAD 3', 3),
	(1727, 216, 10, 'PRIORIDAD 3', 3),
	(1728, 216, 11, 'PRIORIDAD 1', 1),
	(1729, 217, 1, 'NO DESARROLLADO', 0),
	(1730, 217, 3, 'NO DESARROLLADO', 0),
	(1731, 217, 4, 'PRIORIDAD 2', 2),
	(1732, 217, 5, 'PRIORIDAD 2', 2),
	(1733, 217, 6, 'PRIORIDAD 1', 1),
	(1734, 217, 9, 'PRIORIDAD 3', 3),
	(1735, 217, 10, 'PRIORIDAD 2', 2),
	(1736, 217, 11, 'PRIORIDAD 1', 1),
	(1737, 218, 1, 'NO DESARROLLADO', 0),
	(1738, 218, 3, 'NO DESARROLLADO', 0),
	(1739, 218, 4, 'PRIORIDAD 2', 2),
	(1740, 218, 5, 'PRIORIDAD 1', 1),
	(1741, 218, 6, 'PRIORIDAD 2', 2),
	(1742, 218, 9, 'PRIORIDAD 3', 3),
	(1743, 218, 10, 'PRIORIDAD 3', 3),
	(1744, 218, 11, 'PRIORIDAD 1', 1),
	(1745, 219, 1, 'NO DESARROLLADO', 0),
	(1746, 219, 3, 'NO DESARROLLADO', 0),
	(1747, 219, 4, 'PRIORIDAD 2', 2),
	(1748, 219, 5, 'PRIORIDAD 1', 1),
	(1749, 219, 6, 'PRIORIDAD 3', 3),
	(1750, 219, 9, 'PRIORIDAD 3', 3),
	(1751, 219, 10, 'PRIORIDAD 3', 3),
	(1752, 219, 11, 'PRIORIDAD 1', 1),
	(1753, 220, 1, 'NO DESARROLLADO', 0),
	(1754, 220, 3, 'NO DESARROLLADO', 0),
	(1755, 220, 4, 'PRIORIDAD 2', 2),
	(1756, 220, 5, 'PRIORIDAD 1', 1),
	(1757, 220, 6, 'PRIORIDAD 3', 3),
	(1758, 220, 9, 'PRIORIDAD 3', 3),
	(1759, 220, 10, 'PRIORIDAD 3', 3),
	(1760, 220, 11, 'PRIORIDAD 1', 1),
	(1761, 221, 1, 'NO DESARROLLADO', 0),
	(1762, 221, 3, 'NO DESARROLLADO', 0),
	(1763, 221, 4, 'PRIORIDAD 2', 2),
	(1764, 221, 5, 'PRIORIDAD 2', 2),
	(1765, 221, 6, 'PRIORIDAD 1', 1),
	(1766, 221, 9, 'PRIORIDAD 3', 3),
	(1767, 221, 10, 'PRIORIDAD 2', 2),
	(1768, 221, 11, 'PRIORIDAD 1', 1),
	(1769, 222, 1, 'NO DESARROLLADO', 0),
	(1770, 222, 3, 'NO DESARROLLADO', 0),
	(1771, 222, 4, 'PRIORIDAD 2', 2),
	(1772, 222, 5, 'PRIORIDAD 1', 1),
	(1773, 222, 6, 'PRIORIDAD 3', 3),
	(1774, 222, 9, 'PRIORIDAD 3', 3),
	(1775, 222, 10, 'PRIORIDAD 4', 4),
	(1776, 222, 11, 'PRIORIDAD 1', 1),
	(1777, 223, 1, 'NO DESARROLLADO', 0),
	(1778, 223, 3, 'NO DESARROLLADO', 0),
	(1779, 223, 4, 'PRIORIDAD 1', 1),
	(1780, 223, 5, 'PRIORIDAD 2', 2),
	(1781, 223, 6, 'PRIORIDAD 1', 1),
	(1782, 223, 9, 'PRIORIDAD 3', 3),
	(1783, 223, 10, 'PRIORIDAD 2', 2),
	(1784, 223, 11, 'PRIORIDAD 2', 2),
	(1785, 224, 1, 'NO DESARROLLADO', 0),
	(1786, 224, 3, 'NO DESARROLLADO', 0),
	(1787, 224, 4, 'PRIORIDAD 1', 1),
	(1788, 224, 5, 'PRIORIDAD 2', 2),
	(1789, 224, 6, 'PRIORIDAD 1', 1),
	(1790, 224, 9, 'PRIORIDAD 3', 3),
	(1791, 224, 10, 'PRIORIDAD 2', 2),
	(1792, 224, 11, 'PRIORIDAD 1', 1),
	(1793, 225, 1, 'NO DESARROLLADO', 0),
	(1794, 225, 3, 'NO DESARROLLADO', 0),
	(1795, 225, 4, 'PRIORIDAD 2', 2),
	(1796, 225, 5, 'PRIORIDAD 2', 2),
	(1797, 225, 6, 'PRIORIDAD 1', 1),
	(1798, 225, 9, 'PRIORIDAD 3', 3),
	(1799, 225, 10, 'PRIORIDAD 2', 2),
	(1800, 225, 11, 'PRIORIDAD 1', 1),
	(1801, 226, 1, 'NO DESARROLLADO', 0),
	(1802, 226, 3, 'NO DESARROLLADO', 0),
	(1803, 226, 4, 'PRIORIDAD 2', 2),
	(1804, 226, 5, 'PRIORIDAD 1', 1),
	(1805, 226, 6, 'PRIORIDAD 3', 3),
	(1806, 226, 9, 'PRIORIDAD 3', 3),
	(1807, 226, 10, 'PRIORIDAD 4', 4),
	(1808, 226, 11, 'PRIORIDAD 1', 1),
	(1809, 227, 1, 'NO DESARROLLADO', 0),
	(1810, 227, 3, 'NO DESARROLLADO', 0),
	(1811, 227, 4, 'PRIORIDAD 2', 2),
	(1812, 227, 5, 'PRIORIDAD 1', 1),
	(1813, 227, 6, 'PRIORIDAD 2', 2),
	(1814, 227, 9, 'PRIORIDAD 3', 3),
	(1815, 227, 10, 'PRIORIDAD 3', 3),
	(1816, 227, 11, 'PRIORIDAD 1', 1),
	(1817, 228, 1, 'NO DESARROLLADO', 0),
	(1818, 228, 3, 'NO DESARROLLADO', 0),
	(1819, 228, 4, 'PRIORIDAD 3', 3),
	(1820, 228, 5, 'PRIORIDAD 1', 1),
	(1821, 228, 6, 'PRIORIDAD 3', 3),
	(1822, 228, 9, 'PRIORIDAD 3', 3),
	(1823, 228, 10, 'PRIORIDAD 3', 3),
	(1824, 228, 11, 'PRIORIDAD 1', 1),
	(1825, 229, 1, 'NO DESARROLLADO', 0),
	(1826, 229, 3, 'NO DESARROLLADO', 0),
	(1827, 229, 4, 'PRIORIDAD 2', 2),
	(1828, 229, 5, 'PRIORIDAD 1', 1),
	(1829, 229, 6, 'PRIORIDAD 3', 3),
	(1830, 229, 9, 'PRIORIDAD 3', 3),
	(1831, 229, 10, 'PRIORIDAD 3', 3),
	(1832, 229, 11, 'PRIORIDAD 1', 1),
	(1833, 230, 1, 'NO DESARROLLADO', 0),
	(1834, 230, 3, 'NO DESARROLLADO', 0),
	(1835, 230, 4, 'PRIORIDAD 2', 2),
	(1836, 230, 5, 'PRIORIDAD 1', 1),
	(1837, 230, 6, 'PRIORIDAD 3', 3),
	(1838, 230, 9, 'PRIORIDAD 3', 3),
	(1839, 230, 10, 'PRIORIDAD 3', 3),
	(1840, 230, 11, 'PRIORIDAD 1', 1),
	(1841, 231, 1, 'NO DESARROLLADO', 0),
	(1842, 231, 3, 'NO DESARROLLADO', 0),
	(1843, 231, 4, 'PRIORIDAD 2', 2),
	(1844, 231, 5, 'PRIORIDAD 1', 1),
	(1845, 231, 6, 'PRIORIDAD 3', 3),
	(1846, 231, 9, 'PRIORIDAD 3', 3),
	(1847, 231, 10, 'PRIORIDAD 3', 3),
	(1848, 231, 11, 'PRIORIDAD 1', 1),
	(1849, 232, 1, 'NO DESARROLLADO', 0),
	(1850, 232, 3, 'NO DESARROLLADO', 0),
	(1851, 232, 4, 'PRIORIDAD 2', 2),
	(1852, 232, 5, 'PRIORIDAD 1', 1),
	(1853, 232, 6, 'PRIORIDAD 1', 1),
	(1854, 232, 9, 'PRIORIDAD 3', 3),
	(1855, 232, 10, 'PRIORIDAD 3', 3),
	(1856, 232, 11, 'PRIORIDAD 1', 1),
	(1857, 233, 1, 'NO DESARROLLADO', 0),
	(1858, 233, 3, 'NO DESARROLLADO', 0),
	(1859, 233, 4, 'PRIORIDAD 2', 2),
	(1860, 233, 5, 'PRIORIDAD 1', 1),
	(1861, 233, 6, 'PRIORIDAD 1', 1),
	(1862, 233, 9, 'PRIORIDAD 3', 3),
	(1863, 233, 10, 'PRIORIDAD 2', 2),
	(1864, 233, 11, 'PRIORIDAD 1', 1),
	(1865, 234, 1, 'NO DESARROLLADO', 0),
	(1866, 234, 3, 'NO DESARROLLADO', 0),
	(1867, 234, 4, 'PRIORIDAD 3', 3),
	(1868, 234, 5, 'PRIORIDAD 1', 1),
	(1869, 234, 6, 'PRIORIDAD 2', 2),
	(1870, 234, 9, 'PRIORIDAD 3', 3),
	(1871, 234, 10, 'PRIORIDAD 2', 2),
	(1872, 234, 11, 'PRIORIDAD 2', 2),
	(1873, 235, 1, 'NO DESARROLLADO', 0),
	(1874, 235, 3, 'NO DESARROLLADO', 0),
	(1875, 235, 4, 'PRIORIDAD 4', 4),
	(1876, 235, 5, 'PRIORIDAD 1', 1),
	(1877, 235, 6, 'PRIORIDAD 2', 2),
	(1878, 235, 9, 'PRIORIDAD 3', 3),
	(1879, 235, 10, 'PRIORIDAD 2', 2),
	(1880, 235, 11, 'PRIORIDAD 2', 2),
	(1881, 236, 1, 'NO DESARROLLADO', 0),
	(1882, 236, 3, 'NO DESARROLLADO', 0),
	(1883, 236, 4, 'PRIORIDAD 2', 2),
	(1884, 236, 5, 'PRIORIDAD 1', 1),
	(1885, 236, 6, 'PRIORIDAD 2', 2),
	(1886, 236, 9, 'PRIORIDAD 3', 3),
	(1887, 236, 10, 'PRIORIDAD 3', 3),
	(1888, 236, 11, 'PRIORIDAD 1', 1),
	(1889, 237, 1, 'NO DESARROLLADO', 0),
	(1890, 237, 3, 'NO DESARROLLADO', 0),
	(1891, 237, 4, 'PRIORIDAD 2', 2),
	(1892, 237, 5, 'PRIORIDAD 1', 1),
	(1893, 237, 6, 'PRIORIDAD 2', 2),
	(1894, 237, 9, 'PRIORIDAD 3', 3),
	(1895, 237, 10, 'PRIORIDAD 3', 3),
	(1896, 237, 11, 'PRIORIDAD 1', 1),
	(1897, 238, 1, 'NO DESARROLLADO', 0),
	(1898, 238, 3, 'NO DESARROLLADO', 0),
	(1899, 238, 4, 'PRIORIDAD 3', 3),
	(1900, 238, 5, 'PRIORIDAD 2', 2),
	(1901, 238, 6, 'PRIORIDAD 3', 3),
	(1902, 238, 9, 'PRIORIDAD 3', 3),
	(1903, 238, 10, 'PRIORIDAD 2', 2),
	(1904, 238, 11, 'PRIORIDAD 1', 1),
	(1905, 239, 1, 'NO DESARROLLADO', 0),
	(1906, 239, 3, 'NO DESARROLLADO', 0),
	(1907, 239, 4, 'PRIORIDAD 3', 3),
	(1908, 239, 5, 'PRIORIDAD 2', 2),
	(1909, 239, 6, 'PRIORIDAD 3', 3),
	(1910, 239, 9, 'PRIORIDAD 3', 3),
	(1911, 239, 10, 'PRIORIDAD 2', 2),
	(1912, 239, 11, 'PRIORIDAD 1', 1),
	(1913, 240, 1, 'NO DESARROLLADO', 0),
	(1914, 240, 3, 'NO DESARROLLADO', 0),
	(1915, 240, 4, 'PRIORIDAD 2', 2),
	(1916, 240, 5, 'PRIORIDAD 2', 2),
	(1917, 240, 6, 'PRIORIDAD 2', 2),
	(1918, 240, 9, 'PRIORIDAD 3', 3),
	(1919, 240, 10, 'PRIORIDAD 3', 3),
	(1920, 240, 11, 'PRIORIDAD 2', 2),
	(1921, 241, 1, 'LEO', 0),
	(1922, 241, 3, 'LEO', 0),
	(1923, 241, 4, 'PRIORIDAD 3', 3),
	(1924, 241, 5, 'PRIORIDAD 2', 2),
	(1925, 241, 6, 'PRIORIDAD 3', 3),
	(1926, 241, 9, 'PRIORIDAD 3', 3),
	(1927, 241, 10, 'PRIORIDAD 3', 3),
	(1928, 241, 11, 'PRIORIDAD 3', 3),
	(1929, 242, 1, 'NO DESARROLLADO', 0),
	(1930, 242, 3, 'NO DESARROLLADO', 0),
	(1931, 242, 4, 'PRIORIDAD 3', 3),
	(1932, 242, 5, 'PRIORIDAD 1', 1),
	(1933, 242, 6, 'PRIORIDAD 3', 3),
	(1934, 242, 9, 'PRIORIDAD 3', 3),
	(1935, 242, 10, 'PRIORIDAD 1', 1),
	(1936, 242, 11, 'PRIORIDAD 1', 1),
	(1937, 243, 1, 'NO DESARROLLADO', 0),
	(1938, 243, 3, 'NO DESARROLLADO', 0),
	(1939, 243, 4, 'PRIORIDAD 2', 2),
	(1940, 243, 5, 'PRIORIDAD 2', 2),
	(1941, 243, 6, 'PRIORIDAD 3', 3),
	(1942, 243, 9, 'PRIORIDAD 3', 3),
	(1943, 243, 10, 'PRIORIDAD 4', 4),
	(1944, 243, 11, 'PRIORIDAD 1', 1),
	(1945, 244, 1, 'NO DESARROLLADO', 0),
	(1946, 244, 3, 'NO DESARROLLADO', 0),
	(1947, 244, 4, 'PRIORIDAD 2', 2),
	(1948, 244, 5, 'PRIORIDAD 2', 2),
	(1949, 244, 6, 'PRIORIDAD 3', 3),
	(1950, 244, 9, 'PRIORIDAD 3', 3),
	(1951, 244, 10, 'PRIORIDAD 4', 4),
	(1952, 244, 11, 'PRIORIDAD 1', 1),
	(1953, 245, 1, 'LEO', 0),
	(1954, 245, 3, 'LEO', 0),
	(1955, 245, 4, 'PRIORIDAD 4', 4),
	(1956, 245, 5, 'PRIORIDAD 2', 2),
	(1957, 245, 6, 'PRIORIDAD 4', 4),
	(1958, 245, 9, 'PRIORIDAD 3', 3),
	(1959, 245, 10, 'PRIORIDAD 4', 4),
	(1960, 245, 11, 'PRIORIDAD 2', 2);
/*!40000 ALTER TABLE `evaluacion` ENABLE KEYS */;

-- Volcando estructura para tabla heatmap_pichincha.indicadores
CREATE TABLE IF NOT EXISTS `indicadores` (
  `id_indicador` int(11) NOT NULL AUTO_INCREMENT,
  `indicador` varchar(100) DEFAULT NULL,
  `descripcion` varchar(250) DEFAULT NULL,
  `tipo` varchar(20) DEFAULT NULL,
  `id_macroproceso` varchar(10) DEFAULT NULL,
  `heatmap` varchar(100) DEFAULT NULL,
  `linea` varchar(100) DEFAULT NULL,
  `id_proceso` int(11) DEFAULT NULL,
  PRIMARY KEY (`id_indicador`)
) ENGINE=InnoDB AUTO_INCREMENT=421 DEFAULT CHARSET=utf8mb4;

-- Volcando datos para la tabla heatmap_pichincha.indicadores: ~354 rows (aproximadamente)
/*!40000 ALTER TABLE `indicadores` DISABLE KEYS */;
INSERT INTO `indicadores` (`id_indicador`, `indicador`, `descripcion`, `tipo`, `id_macroproceso`, `heatmap`, `linea`, `id_proceso`) VALUES
	(50, 'Planes de acción y contingencia en los procesos ', NULL, NULL, 'MPE01', 'Madurez del proceso', 'Riesgos', NULL),
	(51, 'Satisfacción de los clientes internos como externos', NULL, NULL, 'MPE01', 'Madurez del proceso', 'Satisfacción de cliente', NULL),
	(54, 'Procesos que satisfacen los objetivos estratégicos', NULL, NULL, 'MPE01', 'Madurez del proceso', 'Procesos', NULL),
	(55, 'Procesos con elementos identificados y documentados ', NULL, NULL, 'MPE01', 'Madurez del proceso', 'Procesos', NULL),
	(56, 'Nivel de reporte de métricas de productos y servicios del proceso', NULL, NULL, 'MPE01', 'Madurez del proceso', 'Procesos', NULL),
	(57, 'Procesos normados, publicados y aplicados', NULL, NULL, 'MPE01', 'Madurez del proceso', 'Normatividad', NULL),
	(61, 'Nivel de normalización de los datos', NULL, NULL, 'MPE01', 'Eficacia tecnológica', 'Datos', NULL),
	(62, 'Nivel de gobernanza de datos por TI', NULL, NULL, 'MPE01', 'Eficacia tecnológica', 'Datos', NULL),
	(63, 'Nivel de sinergia de la información generada', NULL, NULL, 'MPE01', 'Eficacia tecnológica', 'Datos', NULL),
	(64, 'Nivel de gobernanza de aplicaciones por TI', NULL, NULL, 'MPE01', 'Eficacia tecnológica', 'Aplicaciones', NULL),
	(65, 'Nivel de satisfacción de las aplicaciones en el proceso', NULL, NULL, 'MPE01', 'Eficacia tecnológica', 'Aplicaciones', NULL),
	(66, 'Nivel de conocimiento de la plataforma', NULL, NULL, 'MPE01', 'Eficacia tecnológica', 'Aplicaciones', NULL),
	(68, 'Nivel de seguridad en la plataforma', NULL, NULL, 'MPE01', 'Eficacia tecnológica', 'Seguridad', NULL),
	(69, 'Control de la gestión de los riesgos en el proceso', NULL, NULL, 'MPE02', 'Madurez del proceso', 'Riesgos', NULL),
	(70, 'Planes de acción y contingencia en los procesos ', NULL, NULL, 'MPE02', 'Madurez del proceso', 'Riesgos', NULL),
	(71, 'Satisfacción de los clientes internos como externos', NULL, NULL, 'MPE02', 'Madurez del proceso', 'Satisfacción de cliente', NULL),
	(72, 'Medición y control de los procesos', NULL, NULL, 'MPE02', 'Madurez del proceso', 'Procesos', NULL),
	(73, 'Manualidad en los procesos', NULL, NULL, 'MPE02', 'Madurez del proceso', 'Procesos', NULL),
	(74, 'Procesos que satisfacen los objetivos estratégicos', NULL, NULL, 'MPE02', 'Madurez del proceso', 'Procesos', NULL),
	(75, 'Procesos con elementos identificados y documentados ', NULL, NULL, 'MPE02', 'Madurez del proceso', 'Procesos', NULL),
	(76, 'Nivel de reporte de métricas de productos y servicios del proceso', NULL, NULL, 'MPE02', 'Madurez del proceso', 'Procesos', NULL),
	(77, 'Procesos normados, publicados y aplicados', NULL, NULL, 'MPE02', 'Madurez del proceso', 'Normatividad', NULL),
	(78, 'Necesidad de la Tecnología en el proceso', NULL, NULL, 'MPE02', 'Madurez del proceso', 'Tecnología', NULL),
	(79, 'Datos identificados y gestionados', NULL, NULL, 'MPE02', 'Eficacia tecnológica', 'Datos', NULL),
	(80, 'Nivel de Analytics en el procesos', NULL, NULL, 'MPE02', 'Eficacia tecnológica', 'Datos', NULL),
	(81, 'Nivel de normalización de los datos', NULL, NULL, 'MPE02', 'Eficacia tecnológica', 'Datos', NULL),
	(82, 'Nivel de gobernanza de datos por TI', NULL, NULL, 'MPE02', 'Eficacia tecnológica', 'Datos', NULL),
	(83, 'Nivel de sinergia de la información generada', NULL, NULL, 'MPE02', 'Eficacia tecnológica', 'Datos', NULL),
	(84, 'Nivel de gobernanza de aplicaciones por TI', NULL, NULL, 'MPE02', 'Eficacia tecnológica', 'Aplicaciones', NULL),
	(85, 'Nivel de satisfacción de las aplicaciones en el proceso', NULL, NULL, 'MPE02', 'Eficacia tecnológica', 'Aplicaciones', NULL),
	(86, 'Nivel de conocimiento de la plataforma', NULL, NULL, 'MPE02', 'Eficacia tecnológica', 'Aplicaciones', NULL),
	(87, 'Flexibilidad de las aplicaciones tecnológicas', NULL, NULL, 'MPE02', 'Eficacia tecnológica', 'Aplicaciones', NULL),
	(88, 'Nivel de seguridad en la plataforma', NULL, NULL, 'MPE02', 'Eficacia tecnológica', 'Seguridad', NULL),
	(89, 'Control de la gestión de los riesgos en el proceso', NULL, NULL, 'MPE03', 'Madurez del proceso', 'Riesgos', NULL),
	(90, 'Planes de acción y contingencia en los procesos ', NULL, NULL, 'MPE03', 'Madurez del proceso', 'Riesgos', NULL),
	(91, 'Satisfacción de los clientes internos como externos', NULL, NULL, 'MPE03', 'Madurez del proceso', 'Satisfacción de cliente', NULL),
	(92, 'Medición y control de los procesos', NULL, NULL, 'MPE03', 'Madurez del proceso', 'Procesos', NULL),
	(93, 'Manualidad en los procesos', NULL, NULL, 'MPE03', 'Madurez del proceso', 'Procesos', NULL),
	(94, 'Procesos que satisfacen los objetivos estratégicos', NULL, NULL, 'MPE03', 'Madurez del proceso', 'Procesos', NULL),
	(95, 'Procesos con elementos identificados y documentados ', NULL, NULL, 'MPE03', 'Madurez del proceso', 'Procesos', NULL),
	(96, 'Nivel de reporte de métricas de productos y servicios del proceso', NULL, NULL, 'MPE03', 'Madurez del proceso', 'Procesos', NULL),
	(97, 'Procesos normados, publicados y aplicados', NULL, NULL, 'MPE03', 'Madurez del proceso', 'Normatividad', NULL),
	(98, 'Necesidad de la Tecnología en el proceso', NULL, NULL, 'MPE03', 'Madurez del proceso', 'Tecnología', NULL),
	(99, 'Datos identificados y gestionados', NULL, NULL, 'MPE03', 'Eficacia tecnológica', 'Datos', NULL),
	(100, 'Nivel de Analytics en el procesos', NULL, NULL, 'MPE03', 'Eficacia tecnológica', 'Datos', NULL),
	(101, 'Nivel de normalización de los datos', NULL, NULL, 'MPE03', 'Eficacia tecnológica', 'Datos', NULL),
	(102, 'Nivel de gobernanza de datos por TI', NULL, NULL, 'MPE03', 'Eficacia tecnológica', 'Datos', NULL),
	(103, 'Nivel de sinergia de la información generada', NULL, NULL, 'MPE03', 'Eficacia tecnológica', 'Datos', NULL),
	(104, 'Nivel de gobernanza de aplicaciones por TI', NULL, NULL, 'MPE03', 'Eficacia tecnológica', 'Aplicaciones', NULL),
	(105, 'Nivel de satisfacción de las aplicaciones en el proceso', NULL, NULL, 'MPE03', 'Eficacia tecnológica', 'Aplicaciones', NULL),
	(106, 'Nivel de conocimiento de la plataforma', NULL, NULL, 'MPE03', 'Eficacia tecnológica', 'Aplicaciones', NULL),
	(107, 'Flexibilidad de las aplicaciones tecnológicas', NULL, NULL, 'MPE03', 'Eficacia tecnológica', 'Aplicaciones', NULL),
	(108, 'Nivel de seguridad en la plataforma', NULL, NULL, 'MPE03', 'Eficacia tecnológica', 'Seguridad', NULL),
	(109, 'Control de la gestión de los riesgos en el proceso', NULL, NULL, 'MPE04', 'Madurez del proceso', 'Riesgos', NULL),
	(110, 'Planes de acción y contingencia en los procesos ', NULL, NULL, 'MPE04', 'Madurez del proceso', 'Riesgos', NULL),
	(111, 'Satisfacción de los clientes internos como externos', NULL, NULL, 'MPE04', 'Madurez del proceso', 'Satisfacción de cliente', NULL),
	(112, 'Medición y control de los procesos', NULL, NULL, 'MPE04', 'Madurez del proceso', 'Procesos', NULL),
	(113, 'Manualidad en los procesos', NULL, NULL, 'MPE04', 'Madurez del proceso', 'Procesos', NULL),
	(114, 'Procesos que satisfacen los objetivos estratégicos', NULL, NULL, 'MPE04', 'Madurez del proceso', 'Procesos', NULL),
	(115, 'Procesos con elementos identificados y documentados ', NULL, NULL, 'MPE04', 'Madurez del proceso', 'Procesos', NULL),
	(116, 'Nivel de reporte de métricas de productos y servicios del proceso', NULL, NULL, 'MPE04', 'Madurez del proceso', 'Procesos', NULL),
	(117, 'Procesos normados, publicados y aplicados', NULL, NULL, 'MPE04', 'Madurez del proceso', 'Normatividad', NULL),
	(118, 'Necesidad de la Tecnología en el proceso', NULL, NULL, 'MPE04', 'Madurez del proceso', 'Tecnología', NULL),
	(119, 'Datos identificados y gestionados', NULL, NULL, 'MPE04', 'Eficacia tecnológica', 'Datos', NULL),
	(120, 'Nivel de Analytics en el procesos', NULL, NULL, 'MPE04', 'Eficacia tecnológica', 'Datos', NULL),
	(121, 'Nivel de normalización de los datos', NULL, NULL, 'MPE04', 'Eficacia tecnológica', 'Datos', NULL),
	(122, 'Nivel de gobernanza de datos por TI', NULL, NULL, 'MPE04', 'Eficacia tecnológica', 'Datos', NULL),
	(123, 'Nivel de sinergia de la información generada', NULL, NULL, 'MPE04', 'Eficacia tecnológica', 'Datos', NULL),
	(124, 'Nivel de gobernanza de aplicaciones por TI', NULL, NULL, 'MPE04', 'Eficacia tecnológica', 'Aplicaciones', NULL),
	(125, 'Nivel de satisfacción de las aplicaciones en el proceso', NULL, NULL, 'MPE04', 'Eficacia tecnológica', 'Aplicaciones', NULL),
	(126, 'Nivel de conocimiento de la plataforma', NULL, NULL, 'MPE04', 'Eficacia tecnológica', 'Aplicaciones', NULL),
	(127, 'Flexibilidad de las aplicaciones tecnológicas', NULL, NULL, 'MPE04', 'Eficacia tecnológica', 'Aplicaciones', NULL),
	(128, 'Nivel de seguridad en la plataforma', NULL, NULL, 'MPE04', 'Eficacia tecnológica', 'Seguridad', NULL),
	(129, 'Control de la gestión de los riesgos en el proceso', NULL, NULL, 'MPO01', 'Madurez del proceso', 'Riesgos', NULL),
	(130, 'Planes de acción y contingencia en los procesos ', NULL, NULL, 'MPO01', 'Madurez del proceso', 'Riesgos', NULL),
	(131, 'Satisfacción de los clientes internos como externos', NULL, NULL, 'MPO01', 'Madurez del proceso', 'Satisfacción de cliente', NULL),
	(132, 'Medición y control de los procesos', NULL, NULL, 'MPO01', 'Madurez del proceso', 'Procesos', NULL),
	(133, 'Manualidad en los procesos', NULL, NULL, 'MPO01', 'Madurez del proceso', 'Procesos', NULL),
	(134, 'Procesos que satisfacen los objetivos estratégicos', NULL, NULL, 'MPO01', 'Madurez del proceso', 'Procesos', NULL),
	(135, 'Procesos con elementos identificados y documentados ', NULL, NULL, 'MPO01', 'Madurez del proceso', 'Procesos', NULL),
	(136, 'Nivel de reporte de métricas de productos y servicios del proceso', NULL, NULL, 'MPO01', 'Madurez del proceso', 'Procesos', NULL),
	(137, 'Procesos normados, publicados y aplicados', NULL, NULL, 'MPO01', 'Madurez del proceso', 'Normatividad', NULL),
	(138, 'Necesidad de la Tecnología en el proceso', NULL, NULL, 'MPO01', 'Madurez del proceso', 'Tecnología', NULL),
	(139, 'Datos identificados y gestionados', NULL, NULL, 'MPO01', 'Eficacia tecnológica', 'Datos', NULL),
	(140, 'Nivel de Analytics en el procesos', NULL, NULL, 'MPO01', 'Eficacia tecnológica', 'Datos', NULL),
	(141, 'Nivel de normalización de los datos', NULL, NULL, 'MPO01', 'Eficacia tecnológica', 'Datos', NULL),
	(142, 'Nivel de gobernanza de datos por TI', NULL, NULL, 'MPO01', 'Eficacia tecnológica', 'Datos', NULL),
	(143, 'Nivel de sinergia de la información generada', NULL, NULL, 'MPO01', 'Eficacia tecnológica', 'Datos', NULL),
	(144, 'Nivel de gobernanza de aplicaciones por TI', NULL, NULL, 'MPO01', 'Eficacia tecnológica', 'Aplicaciones', NULL),
	(145, 'Nivel de satisfacción de las aplicaciones en el proceso', NULL, NULL, 'MPO01', 'Eficacia tecnológica', 'Aplicaciones', NULL),
	(146, 'Nivel de conocimiento de la plataforma', NULL, NULL, 'MPO01', 'Eficacia tecnológica', 'Aplicaciones', NULL),
	(147, 'Flexibilidad de las aplicaciones tecnológicas', NULL, NULL, 'MPO01', 'Eficacia tecnológica', 'Aplicaciones', NULL),
	(148, 'Nivel de seguridad en la plataforma', NULL, NULL, 'MPO01', 'Eficacia tecnológica', 'Seguridad', NULL),
	(149, 'Control de la gestión de los riesgos en el proceso', NULL, NULL, 'MPO02', 'Madurez del proceso', 'Riesgos', NULL),
	(150, 'Planes de acción y contingencia en los procesos ', NULL, NULL, 'MPO02', 'Madurez del proceso', 'Riesgos', NULL),
	(151, 'Satisfacción de los clientes internos como externos', NULL, NULL, 'MPO02', 'Madurez del proceso', 'Satisfacción de cliente', NULL),
	(152, 'Medición y control de los procesos', NULL, NULL, 'MPO02', 'Madurez del proceso', 'Procesos', NULL),
	(153, 'Manualidad en los procesos', NULL, NULL, 'MPO02', 'Madurez del proceso', 'Procesos', NULL),
	(154, 'Procesos que satisfacen los objetivos estratégicos', NULL, NULL, 'MPO02', 'Madurez del proceso', 'Procesos', NULL),
	(155, 'Procesos con elementos identificados y documentados ', NULL, NULL, 'MPO02', 'Madurez del proceso', 'Procesos', NULL),
	(156, 'Nivel de reporte de métricas de productos y servicios del proceso', NULL, NULL, 'MPO02', 'Madurez del proceso', 'Procesos', NULL),
	(157, 'Procesos normados, publicados y aplicados', NULL, NULL, 'MPO02', 'Madurez del proceso', 'Normatividad', NULL),
	(158, 'Necesidad de la Tecnología en el proceso', NULL, NULL, 'MPO02', 'Madurez del proceso', 'Tecnología', NULL),
	(159, 'Datos identificados y gestionados', NULL, NULL, 'MPO02', 'Eficacia tecnológica', 'Datos', NULL),
	(160, 'Nivel de Analytics en el procesos', NULL, NULL, 'MPO02', 'Eficacia tecnológica', 'Datos', NULL),
	(161, 'Nivel de normalización de los datos', NULL, NULL, 'MPO02', 'Eficacia tecnológica', 'Datos', NULL),
	(162, 'Nivel de gobernanza de datos por TI', NULL, NULL, 'MPO02', 'Eficacia tecnológica', 'Datos', NULL),
	(163, 'Nivel de sinergia de la información generada', NULL, NULL, 'MPO02', 'Eficacia tecnológica', 'Datos', NULL),
	(164, 'Nivel de gobernanza de aplicaciones por TI', NULL, NULL, 'MPO02', 'Eficacia tecnológica', 'Aplicaciones', NULL),
	(165, 'Nivel de satisfacción de las aplicaciones en el proceso', NULL, NULL, 'MPO02', 'Eficacia tecnológica', 'Aplicaciones', NULL),
	(166, 'Nivel de conocimiento de la plataforma', NULL, NULL, 'MPO02', 'Eficacia tecnológica', 'Aplicaciones', NULL),
	(167, 'Flexibilidad de las aplicaciones tecnológicas', NULL, NULL, 'MPO02', 'Eficacia tecnológica', 'Aplicaciones', NULL),
	(168, 'Nivel de seguridad en la plataforma', NULL, NULL, 'MPO02', 'Eficacia tecnológica', 'Seguridad', NULL),
	(169, 'Control de la gestión de los riesgos en el proceso', NULL, NULL, 'MPO03', 'Madurez del proceso', 'Riesgos', NULL),
	(170, 'Planes de acción y contingencia en los procesos ', NULL, NULL, 'MPO03', 'Madurez del proceso', 'Riesgos', NULL),
	(171, 'Satisfacción de los clientes internos como externos', NULL, NULL, 'MPO03', 'Madurez del proceso', 'Satisfacción de cliente', NULL),
	(172, 'Medición y control de los procesos', NULL, NULL, 'MPO03', 'Madurez del proceso', 'Procesos', NULL),
	(173, 'Manualidad en los procesos', NULL, NULL, 'MPO03', 'Madurez del proceso', 'Procesos', NULL),
	(174, 'Procesos que satisfacen los objetivos estratégicos', NULL, NULL, 'MPO03', 'Madurez del proceso', 'Procesos', NULL),
	(175, 'Procesos con elementos identificados y documentados ', NULL, NULL, 'MPO03', 'Madurez del proceso', 'Procesos', NULL),
	(176, 'Nivel de reporte de métricas de productos y servicios del proceso', NULL, NULL, 'MPO03', 'Madurez del proceso', 'Procesos', NULL),
	(177, 'Procesos normados, publicados y aplicados', NULL, NULL, 'MPO03', 'Madurez del proceso', 'Normatividad', NULL),
	(178, 'Necesidad de la Tecnología en el proceso', NULL, NULL, 'MPO03', 'Madurez del proceso', 'Tecnología', NULL),
	(179, 'Datos identificados y gestionados', NULL, NULL, 'MPO03', 'Eficacia tecnológica', 'Datos', NULL),
	(180, 'Nivel de Analytics en el procesos', NULL, NULL, 'MPO03', 'Eficacia tecnológica', 'Datos', NULL),
	(181, 'Nivel de normalización de los datos', NULL, NULL, 'MPO03', 'Eficacia tecnológica', 'Datos', NULL),
	(182, 'Nivel de gobernanza de datos por TI', NULL, NULL, 'MPO03', 'Eficacia tecnológica', 'Datos', NULL),
	(183, 'Nivel de sinergia de la información generada', NULL, NULL, 'MPO03', 'Eficacia tecnológica', 'Datos', NULL),
	(184, 'Nivel de gobernanza de aplicaciones por TI', NULL, NULL, 'MPO03', 'Eficacia tecnológica', 'Aplicaciones', NULL),
	(185, 'Nivel de satisfacción de las aplicaciones en el proceso', NULL, NULL, 'MPO03', 'Eficacia tecnológica', 'Aplicaciones', NULL),
	(186, 'Nivel de conocimiento de la plataforma', NULL, NULL, 'MPO03', 'Eficacia tecnológica', 'Aplicaciones', NULL),
	(187, 'Flexibilidad de las aplicaciones tecnológicas', NULL, NULL, 'MPO03', 'Eficacia tecnológica', 'Aplicaciones', NULL),
	(188, 'Nivel de seguridad en la plataforma', NULL, NULL, 'MPO03', 'Eficacia tecnológica', 'Seguridad', NULL),
	(189, 'Control de la gestión de los riesgos en el proceso', NULL, NULL, 'MPO04', 'Madurez del proceso', 'Riesgos', NULL),
	(190, 'Planes de acción y contingencia en los procesos ', NULL, NULL, 'MPO04', 'Madurez del proceso', 'Riesgos', NULL),
	(191, 'Satisfacción de los clientes internos como externos', NULL, NULL, 'MPO04', 'Madurez del proceso', 'Satisfacción de cliente', NULL),
	(192, 'Medición y control de los procesos', NULL, NULL, 'MPO04', 'Madurez del proceso', 'Procesos', NULL),
	(193, 'Manualidad en los procesos', NULL, NULL, 'MPO04', 'Madurez del proceso', 'Procesos', NULL),
	(194, 'Procesos que satisfacen los objetivos estratégicos', NULL, NULL, 'MPO04', 'Madurez del proceso', 'Procesos', NULL),
	(195, 'Procesos con elementos identificados y documentados ', NULL, NULL, 'MPO04', 'Madurez del proceso', 'Procesos', NULL),
	(196, 'Nivel de reporte de métricas de productos y servicios del proceso', NULL, NULL, 'MPO04', 'Madurez del proceso', 'Procesos', NULL),
	(197, 'Procesos normados, publicados y aplicados', NULL, NULL, 'MPO04', 'Madurez del proceso', 'Normatividad', NULL),
	(198, 'Necesidad de la Tecnología en el proceso', NULL, NULL, 'MPO04', 'Madurez del proceso', 'Tecnología', NULL),
	(199, 'Datos identificados y gestionados', NULL, NULL, 'MPO04', 'Eficacia tecnológica', 'Datos', NULL),
	(200, 'Nivel de Analytics en el procesos', NULL, NULL, 'MPO04', 'Eficacia tecnológica', 'Datos', NULL),
	(201, 'Nivel de normalización de los datos', NULL, NULL, 'MPO04', 'Eficacia tecnológica', 'Datos', NULL),
	(202, 'Nivel de gobernanza de datos por TI', NULL, NULL, 'MPO04', 'Eficacia tecnológica', 'Datos', NULL),
	(203, 'Nivel de sinergia de la información generada', NULL, NULL, 'MPO04', 'Eficacia tecnológica', 'Datos', NULL),
	(204, 'Nivel de gobernanza de aplicaciones por TI', NULL, NULL, 'MPO04', 'Eficacia tecnológica', 'Aplicaciones', NULL),
	(205, 'Nivel de satisfacción de las aplicaciones en el proceso', NULL, NULL, 'MPO04', 'Eficacia tecnológica', 'Aplicaciones', NULL),
	(206, 'Nivel de conocimiento de la plataforma', NULL, NULL, 'MPO04', 'Eficacia tecnológica', 'Aplicaciones', NULL),
	(207, 'Flexibilidad de las aplicaciones tecnológicas', NULL, NULL, 'MPO04', 'Eficacia tecnológica', 'Aplicaciones', NULL),
	(208, 'Nivel de seguridad en la plataforma', NULL, NULL, 'MPO04', 'Eficacia tecnológica', 'Seguridad', NULL),
	(209, 'Control de la gestión de los riesgos en el proceso', NULL, NULL, 'MPO05', 'Madurez del proceso', 'Riesgos', NULL),
	(210, 'Planes de acción y contingencia en los procesos ', NULL, NULL, 'MPO05', 'Madurez del proceso', 'Riesgos', NULL),
	(211, 'Satisfacción de los clientes internos como externos', NULL, NULL, 'MPO05', 'Madurez del proceso', 'Satisfacción de cliente', NULL),
	(212, 'Medición y control de los procesos', NULL, NULL, 'MPO05', 'Madurez del proceso', 'Procesos', NULL),
	(213, 'Manualidad en los procesos', NULL, NULL, 'MPO05', 'Madurez del proceso', 'Procesos', NULL),
	(214, 'Procesos que satisfacen los objetivos estratégicos', NULL, NULL, 'MPO05', 'Madurez del proceso', 'Procesos', NULL),
	(215, 'Procesos con elementos identificados y documentados ', NULL, NULL, 'MPO05', 'Madurez del proceso', 'Procesos', NULL),
	(216, 'Nivel de reporte de métricas de productos y servicios del proceso', NULL, NULL, 'MPO05', 'Madurez del proceso', 'Procesos', NULL),
	(217, 'Procesos normados, publicados y aplicados', NULL, NULL, 'MPO05', 'Madurez del proceso', 'Normatividad', NULL),
	(218, 'Necesidad de la Tecnología en el proceso', NULL, NULL, 'MPO05', 'Madurez del proceso', 'Tecnología', NULL),
	(219, 'Datos identificados y gestionados', NULL, NULL, 'MPO05', 'Eficacia tecnológica', 'Datos', NULL),
	(220, 'Nivel de Analytics en el procesos', NULL, NULL, 'MPO05', 'Eficacia tecnológica', 'Datos', NULL),
	(221, 'Nivel de normalización de los datos', NULL, NULL, 'MPO05', 'Eficacia tecnológica', 'Datos', NULL),
	(222, 'Nivel de gobernanza de datos por TI', NULL, NULL, 'MPO05', 'Eficacia tecnológica', 'Datos', NULL),
	(223, 'Nivel de sinergia de la información generada', NULL, NULL, 'MPO05', 'Eficacia tecnológica', 'Datos', NULL),
	(224, 'Nivel de gobernanza de aplicaciones por TI', NULL, NULL, 'MPO05', 'Eficacia tecnológica', 'Aplicaciones', NULL),
	(225, 'Nivel de satisfacción de las aplicaciones en el proceso', NULL, NULL, 'MPO05', 'Eficacia tecnológica', 'Aplicaciones', NULL),
	(226, 'Nivel de conocimiento de la plataforma', NULL, NULL, 'MPO05', 'Eficacia tecnológica', 'Aplicaciones', NULL),
	(227, 'Flexibilidad de las aplicaciones tecnológicas', NULL, NULL, 'MPO05', 'Eficacia tecnológica', 'Aplicaciones', NULL),
	(228, 'Nivel de seguridad en la plataforma', NULL, NULL, 'MPO05', 'Eficacia tecnológica', 'Seguridad', NULL),
	(229, 'Control de la gestión de los riesgos en el proceso', NULL, NULL, 'MPO06', 'Madurez del proceso', 'Riesgos', NULL),
	(230, 'Planes de acción y contingencia en los procesos ', NULL, NULL, 'MPO06', 'Madurez del proceso', 'Riesgos', NULL),
	(231, 'Satisfacción de los clientes internos como externos', NULL, NULL, 'MPO06', 'Madurez del proceso', 'Satisfacción de cliente', NULL),
	(232, 'Medición y control de los procesos', NULL, NULL, 'MPO06', 'Madurez del proceso', 'Procesos', NULL),
	(233, 'Manualidad en los procesos', NULL, NULL, 'MPO06', 'Madurez del proceso', 'Procesos', NULL),
	(234, 'Procesos que satisfacen los objetivos estratégicos', NULL, NULL, 'MPO06', 'Madurez del proceso', 'Procesos', NULL),
	(235, 'Procesos con elementos identificados y documentados ', NULL, NULL, 'MPO06', 'Madurez del proceso', 'Procesos', NULL),
	(236, 'Nivel de reporte de métricas de productos y servicios del proceso', NULL, NULL, 'MPO06', 'Madurez del proceso', 'Procesos', NULL),
	(237, 'Procesos normados, publicados y aplicados', NULL, NULL, 'MPO06', 'Madurez del proceso', 'Normatividad', NULL),
	(238, 'Necesidad de la Tecnología en el proceso', NULL, NULL, 'MPO06', 'Madurez del proceso', 'Tecnología', NULL),
	(239, 'Datos identificados y gestionados', NULL, NULL, 'MPO06', 'Eficacia tecnológica', 'Datos', NULL),
	(240, 'Nivel de Analytics en el procesos', NULL, NULL, 'MPO06', 'Eficacia tecnológica', 'Datos', NULL),
	(241, 'Nivel de normalización de los datos', NULL, NULL, 'MPO06', 'Eficacia tecnológica', 'Datos', NULL),
	(242, 'Nivel de gobernanza de datos por TI', NULL, NULL, 'MPO06', 'Eficacia tecnológica', 'Datos', NULL),
	(243, 'Nivel de sinergia de la información generada', NULL, NULL, 'MPO06', 'Eficacia tecnológica', 'Datos', NULL),
	(244, 'Nivel de gobernanza de aplicaciones por TI', NULL, NULL, 'MPO06', 'Eficacia tecnológica', 'Aplicaciones', NULL),
	(245, 'Nivel de satisfacción de las aplicaciones en el proceso', NULL, NULL, 'MPO06', 'Eficacia tecnológica', 'Aplicaciones', NULL),
	(246, 'Nivel de conocimiento de la plataforma', NULL, NULL, 'MPO06', 'Eficacia tecnológica', 'Aplicaciones', NULL),
	(247, 'Flexibilidad de las aplicaciones tecnológicas', NULL, NULL, 'MPO06', 'Eficacia tecnológica', 'Aplicaciones', NULL),
	(248, 'Nivel de seguridad en la plataforma', NULL, NULL, 'MPO06', 'Eficacia tecnológica', 'Seguridad', NULL),
	(249, 'Control de la gestión de los riesgos en el proceso', NULL, NULL, 'MPO07', 'Madurez del proceso', 'Riesgos', NULL),
	(250, 'Planes de acción y contingencia en los procesos ', NULL, NULL, 'MPO07', 'Madurez del proceso', 'Riesgos', NULL),
	(251, 'Satisfacción de los clientes internos como externos', NULL, NULL, 'MPO07', 'Madurez del proceso', 'Satisfacción de cliente', NULL),
	(252, 'Medición y control de los procesos', NULL, NULL, 'MPO07', 'Madurez del proceso', 'Procesos', NULL),
	(253, 'Manualidad en los procesos', NULL, NULL, 'MPO07', 'Madurez del proceso', 'Procesos', NULL),
	(254, 'Procesos que satisfacen los objetivos estratégicos', NULL, NULL, 'MPO07', 'Madurez del proceso', 'Procesos', NULL),
	(255, 'Procesos con elementos identificados y documentados ', NULL, NULL, 'MPO07', 'Madurez del proceso', 'Procesos', NULL),
	(256, 'Nivel de reporte de métricas de productos y servicios del proceso', NULL, NULL, 'MPO07', 'Madurez del proceso', 'Procesos', NULL),
	(257, 'Procesos normados, publicados y aplicados', NULL, NULL, 'MPO07', 'Madurez del proceso', 'Normatividad', NULL),
	(258, 'Necesidad de la Tecnología en el proceso', NULL, NULL, 'MPO07', 'Madurez del proceso', 'Tecnología', NULL),
	(259, 'Datos identificados y gestionados', NULL, NULL, 'MPO07', 'Eficacia tecnológica', 'Datos', NULL),
	(260, 'Nivel de Analytics en el procesos', NULL, NULL, 'MPO07', 'Eficacia tecnológica', 'Datos', NULL),
	(261, 'Nivel de normalización de los datos', NULL, NULL, 'MPO07', 'Eficacia tecnológica', 'Datos', NULL),
	(262, 'Nivel de gobernanza de datos por TI', NULL, NULL, 'MPO07', 'Eficacia tecnológica', 'Datos', NULL),
	(263, 'Nivel de sinergia de la información generada', NULL, NULL, 'MPO07', 'Eficacia tecnológica', 'Datos', NULL),
	(264, 'Nivel de gobernanza de aplicaciones por TI', NULL, NULL, 'MPO07', 'Eficacia tecnológica', 'Aplicaciones', NULL),
	(265, 'Nivel de satisfacción de las aplicaciones en el proceso', NULL, NULL, 'MPO07', 'Eficacia tecnológica', 'Aplicaciones', NULL),
	(266, 'Nivel de conocimiento de la plataforma', NULL, NULL, 'MPO07', 'Eficacia tecnológica', 'Aplicaciones', NULL),
	(267, 'Flexibilidad de las aplicaciones tecnológicas', NULL, NULL, 'MPO07', 'Eficacia tecnológica', 'Aplicaciones', NULL),
	(268, 'Nivel de seguridad en la plataforma', NULL, NULL, 'MPO07', 'Eficacia tecnológica', 'Seguridad', NULL),
	(270, 'Planes de acción y contingencia en los procesos ', NULL, NULL, 'MPS01', 'Madurez del proceso', 'Riesgos', NULL),
	(271, 'Satisfacción de los clientes internos como externos', NULL, NULL, 'MPS01', 'Madurez del proceso', 'Satisfacción de cliente', NULL),
	(272, 'Medición y control de los procesos', NULL, NULL, 'MPS01', 'Madurez del proceso', 'Procesos', NULL),
	(273, 'Manualidad en los procesos', NULL, NULL, 'MPS01', 'Madurez del proceso', 'Procesos', NULL),
	(274, 'Procesos que satisfacen los objetivos estratégicos', NULL, NULL, 'MPS01', 'Madurez del proceso', 'Procesos', NULL),
	(275, 'Procesos con elementos identificados y documentados ', NULL, NULL, 'MPS01', 'Madurez del proceso', 'Procesos', NULL),
	(276, 'Nivel de reporte de métricas de productos y servicios del proceso', NULL, NULL, 'MPS01', 'Madurez del proceso', 'Procesos', NULL),
	(277, 'Procesos normados, publicados y aplicados', NULL, NULL, 'MPS01', 'Madurez del proceso', 'Normatividad', NULL),
	(278, 'Necesidad de la Tecnología en el proceso', NULL, NULL, 'MPS01', 'Madurez del proceso', 'Tecnología', NULL),
	(279, 'Datos identificados y gestionados', NULL, NULL, 'MPS01', 'Eficacia tecnológica', 'Datos', NULL),
	(280, 'Nivel de Analytics en el procesos', NULL, NULL, 'MPS01', 'Eficacia tecnológica', 'Datos', NULL),
	(281, 'Nivel de normalización de los datos', NULL, NULL, 'MPS01', 'Eficacia tecnológica', 'Datos', NULL),
	(282, 'Nivel de gobernanza de datos por TI', NULL, NULL, 'MPS01', 'Eficacia tecnológica', 'Datos', NULL),
	(283, 'Nivel de sinergia de la información generada', NULL, NULL, 'MPS01', 'Eficacia tecnológica', 'Datos', NULL),
	(284, 'Nivel de gobernanza de aplicaciones por TI', NULL, NULL, 'MPS01', 'Eficacia tecnológica', 'Aplicaciones', NULL),
	(285, 'Nivel de satisfacción de las aplicaciones en el proceso', NULL, NULL, 'MPS01', 'Eficacia tecnológica', 'Aplicaciones', NULL),
	(286, 'Nivel de conocimiento de la plataforma', NULL, NULL, 'MPS01', 'Eficacia tecnológica', 'Aplicaciones', NULL),
	(287, 'Flexibilidad de las aplicaciones tecnológicas', NULL, NULL, 'MPS01', 'Eficacia tecnológica', 'Aplicaciones', NULL),
	(288, 'Nivel de seguridad en la plataforma', NULL, NULL, 'MPS01', 'Eficacia tecnológica', 'Seguridad', NULL),
	(290, 'Planes de acción y contingencia en los procesos ', NULL, NULL, 'MPS02', 'Madurez del proceso', 'Riesgos', NULL),
	(291, 'Satisfacción de los clientes internos como externos', NULL, NULL, 'MPS02', 'Madurez del proceso', 'Satisfacción de cliente', NULL),
	(292, 'Medición y control de los procesos', NULL, NULL, 'MPS02', 'Madurez del proceso', 'Procesos', NULL),
	(293, 'Manualidad en los procesos', NULL, NULL, 'MPS02', 'Madurez del proceso', 'Procesos', NULL),
	(294, 'Procesos que satisfacen los objetivos estratégicos', NULL, NULL, 'MPS02', 'Madurez del proceso', 'Procesos', NULL),
	(295, 'Procesos con elementos identificados y documentados ', NULL, NULL, 'MPS02', 'Madurez del proceso', 'Procesos', NULL),
	(296, 'Nivel de reporte de métricas de productos y servicios del proceso', NULL, NULL, 'MPS02', 'Madurez del proceso', 'Procesos', NULL),
	(297, 'Procesos normados, publicados y aplicados', NULL, NULL, 'MPS02', 'Madurez del proceso', 'Normatividad', NULL),
	(298, 'Necesidad de la Tecnología en el proceso', NULL, NULL, 'MPS02', 'Madurez del proceso', 'Tecnología', NULL),
	(299, 'Datos identificados y gestionados', NULL, NULL, 'MPS02', 'Eficacia tecnológica', 'Datos', NULL),
	(300, 'Nivel de Analytics en el procesos', NULL, NULL, 'MPS02', 'Eficacia tecnológica', 'Datos', NULL),
	(301, 'Nivel de normalización de los datos', NULL, NULL, 'MPS02', 'Eficacia tecnológica', 'Datos', NULL),
	(302, 'Nivel de gobernanza de datos por TI', NULL, NULL, 'MPS02', 'Eficacia tecnológica', 'Datos', NULL),
	(303, 'Nivel de sinergia de la información generada', NULL, NULL, 'MPS02', 'Eficacia tecnológica', 'Datos', NULL),
	(304, 'Nivel de gobernanza de aplicaciones por TI', NULL, NULL, 'MPS02', 'Eficacia tecnológica', 'Aplicaciones', NULL),
	(305, 'Nivel de satisfacción de las aplicaciones en el proceso', NULL, NULL, 'MPS02', 'Eficacia tecnológica', 'Aplicaciones', NULL),
	(306, 'Nivel de conocimiento de la plataforma', NULL, NULL, 'MPS02', 'Eficacia tecnológica', 'Aplicaciones', NULL),
	(307, 'Flexibilidad de las aplicaciones tecnológicas', NULL, NULL, 'MPS02', 'Eficacia tecnológica', 'Aplicaciones', NULL),
	(308, 'Nivel de seguridad en la plataforma', NULL, NULL, 'MPS02', 'Eficacia tecnológica', 'Seguridad', NULL),
	(309, 'Control de la gestión de los riesgos en el proceso', NULL, NULL, 'MPS03', 'Madurez del proceso', 'Riesgos', NULL),
	(310, 'Planes de acción y contingencia en los procesos ', NULL, NULL, 'MPS03', 'Madurez del proceso', 'Riesgos', NULL),
	(311, 'Satisfacción de los clientes internos como externos', NULL, NULL, 'MPS03', 'Madurez del proceso', 'Satisfacción de cliente', NULL),
	(312, 'Medición y control de los procesos', NULL, NULL, 'MPS03', 'Madurez del proceso', 'Procesos', NULL),
	(313, 'Manualidad en los procesos', NULL, NULL, 'MPS03', 'Madurez del proceso', 'Procesos', NULL),
	(314, 'Procesos que satisfacen los objetivos estratégicos', NULL, NULL, 'MPS03', 'Madurez del proceso', 'Procesos', NULL),
	(315, 'Procesos con elementos identificados y documentados ', NULL, NULL, 'MPS03', 'Madurez del proceso', 'Procesos', NULL),
	(316, 'Nivel de reporte de métricas de productos y servicios del proceso', NULL, NULL, 'MPS03', 'Madurez del proceso', 'Procesos', NULL),
	(317, 'Procesos normados, publicados y aplicados', NULL, NULL, 'MPS03', 'Madurez del proceso', 'Normatividad', NULL),
	(318, 'Necesidad de la Tecnología en el proceso', NULL, NULL, 'MPS03', 'Madurez del proceso', 'Tecnología', NULL),
	(319, 'Datos identificados y gestionados', NULL, NULL, 'MPS03', 'Eficacia tecnológica', 'Datos', NULL),
	(320, 'Nivel de Analytics en el procesos', NULL, NULL, 'MPS03', 'Eficacia tecnológica', 'Datos', NULL),
	(321, 'Nivel de normalización de los datos', NULL, NULL, 'MPS03', 'Eficacia tecnológica', 'Datos', NULL),
	(322, 'Nivel de gobernanza de datos por TI', NULL, NULL, 'MPS03', 'Eficacia tecnológica', 'Datos', NULL),
	(323, 'Nivel de sinergia de la información generada', NULL, NULL, 'MPS03', 'Eficacia tecnológica', 'Datos', NULL),
	(324, 'Nivel de gobernanza de aplicaciones por TI', NULL, NULL, 'MPS03', 'Eficacia tecnológica', 'Aplicaciones', NULL),
	(325, 'Nivel de satisfacción de las aplicaciones en el proceso', NULL, NULL, 'MPS03', 'Eficacia tecnológica', 'Aplicaciones', NULL),
	(326, 'Nivel de conocimiento de la plataforma', NULL, NULL, 'MPS03', 'Eficacia tecnológica', 'Aplicaciones', NULL),
	(327, 'Flexibilidad de las aplicaciones tecnológicas', NULL, NULL, 'MPS03', 'Eficacia tecnológica', 'Aplicaciones', NULL),
	(328, 'Nivel de seguridad en la plataforma', NULL, NULL, 'MPS03', 'Eficacia tecnológica', 'Seguridad', NULL),
	(329, 'Control de la gestión de los riesgos en el proceso', NULL, NULL, 'MPS04', 'Madurez del proceso', 'Riesgos', NULL),
	(330, 'Planes de acción y contingencia en los procesos ', NULL, NULL, 'MPS04', 'Madurez del proceso', 'Riesgos', NULL),
	(331, 'Satisfacción de los clientes internos como externos', NULL, NULL, 'MPS04', 'Madurez del proceso', 'Satisfacción de cliente', NULL),
	(332, 'Medición y control de los procesos', NULL, NULL, 'MPS04', 'Madurez del proceso', 'Procesos', NULL),
	(333, 'Manualidad en los procesos', NULL, NULL, 'MPS04', 'Madurez del proceso', 'Procesos', NULL),
	(334, 'Procesos que satisfacen los objetivos estratégicos', NULL, NULL, 'MPS04', 'Madurez del proceso', 'Procesos', NULL),
	(335, 'Procesos con elementos identificados y documentados ', NULL, NULL, 'MPS04', 'Madurez del proceso', 'Procesos', NULL),
	(336, 'Nivel de reporte de métricas de productos y servicios del proceso', NULL, NULL, 'MPS04', 'Madurez del proceso', 'Procesos', NULL),
	(337, 'Procesos normados, publicados y aplicados', NULL, NULL, 'MPS04', 'Madurez del proceso', 'Normatividad', NULL),
	(338, 'Necesidad de la Tecnología en el proceso', NULL, NULL, 'MPS04', 'Madurez del proceso', 'Tecnología', NULL),
	(339, 'Datos identificados y gestionados', NULL, NULL, 'MPS04', 'Eficacia tecnológica', 'Datos', NULL),
	(340, 'Nivel de Analytics en el procesos', NULL, NULL, 'MPS04', 'Eficacia tecnológica', 'Datos', NULL),
	(341, 'Nivel de normalización de los datos', NULL, NULL, 'MPS04', 'Eficacia tecnológica', 'Datos', NULL),
	(342, 'Nivel de gobernanza de datos por TI', NULL, NULL, 'MPS04', 'Eficacia tecnológica', 'Datos', NULL),
	(343, 'Nivel de sinergia de la información generada', NULL, NULL, 'MPS04', 'Eficacia tecnológica', 'Datos', NULL),
	(344, 'Nivel de gobernanza de aplicaciones por TI', NULL, NULL, 'MPS04', 'Eficacia tecnológica', 'Aplicaciones', NULL),
	(345, 'Nivel de satisfacción de las aplicaciones en el proceso', NULL, NULL, 'MPS04', 'Eficacia tecnológica', 'Aplicaciones', NULL),
	(346, 'Nivel de conocimiento de la plataforma', NULL, NULL, 'MPS04', 'Eficacia tecnológica', 'Aplicaciones', NULL),
	(347, 'Flexibilidad de las aplicaciones tecnológicas', NULL, NULL, 'MPS04', 'Eficacia tecnológica', 'Aplicaciones', NULL),
	(348, 'Nivel de seguridad en la plataforma', NULL, NULL, 'MPS04', 'Eficacia tecnológica', 'Seguridad', NULL),
	(349, 'Control de la gestión de los riesgos en el proceso', NULL, NULL, 'MPS05', 'Madurez del proceso', 'Riesgos', NULL),
	(350, 'Planes de acción y contingencia en los procesos ', NULL, NULL, 'MPS05', 'Madurez del proceso', 'Riesgos', NULL),
	(351, 'Satisfacción de los clientes internos como externos', NULL, NULL, 'MPS05', 'Madurez del proceso', 'Satisfacción de cliente', NULL),
	(352, 'Medición y control de los procesos', NULL, NULL, 'MPS05', 'Madurez del proceso', 'Procesos', NULL),
	(353, 'Manualidad en los procesos', NULL, NULL, 'MPS05', 'Madurez del proceso', 'Procesos', NULL),
	(354, 'Procesos que satisfacen los objetivos estratégicos', NULL, NULL, 'MPS05', 'Madurez del proceso', 'Procesos', NULL),
	(355, 'Procesos con elementos identificados y documentados ', NULL, NULL, 'MPS05', 'Madurez del proceso', 'Procesos', NULL),
	(356, 'Nivel de reporte de métricas de productos y servicios del proceso', NULL, NULL, 'MPS05', 'Madurez del proceso', 'Procesos', NULL),
	(357, 'Procesos normados, publicados y aplicados', NULL, NULL, 'MPS05', 'Madurez del proceso', 'Normatividad', NULL),
	(358, 'Necesidad de la Tecnología en el proceso', NULL, NULL, 'MPS05', 'Madurez del proceso', 'Tecnología', NULL),
	(359, 'Datos identificados y gestionados', NULL, NULL, 'MPS05', 'Eficacia tecnológica', 'Datos', NULL),
	(360, 'Nivel de Analytics en el procesos', NULL, NULL, 'MPS05', 'Eficacia tecnológica', 'Datos', NULL),
	(361, 'Nivel de normalización de los datos', NULL, NULL, 'MPS05', 'Eficacia tecnológica', 'Datos', NULL),
	(362, 'Nivel de gobernanza de datos por TI', NULL, NULL, 'MPS05', 'Eficacia tecnológica', 'Datos', NULL),
	(363, 'Nivel de sinergia de la información generada', NULL, NULL, 'MPS05', 'Eficacia tecnológica', 'Datos', NULL),
	(364, 'Nivel de gobernanza de aplicaciones por TI', NULL, NULL, 'MPS05', 'Eficacia tecnológica', 'Aplicaciones', NULL),
	(365, 'Nivel de satisfacción de las aplicaciones en el proceso', NULL, NULL, 'MPS05', 'Eficacia tecnológica', 'Aplicaciones', NULL),
	(366, 'Nivel de conocimiento de la plataforma', NULL, NULL, 'MPS05', 'Eficacia tecnológica', 'Aplicaciones', NULL),
	(367, 'Flexibilidad de las aplicaciones tecnológicas', NULL, NULL, 'MPS05', 'Eficacia tecnológica', 'Aplicaciones', NULL),
	(368, 'Nivel de seguridad en la plataforma', NULL, NULL, 'MPS05', 'Eficacia tecnológica', 'Seguridad', NULL),
	(369, 'Control de la gestión de los riesgos en el proceso', NULL, NULL, 'MPS06', 'Madurez del proceso', 'Riesgos', NULL),
	(370, 'Planes de acción y contingencia en los procesos ', NULL, NULL, 'MPS06', 'Madurez del proceso', 'Riesgos', NULL),
	(371, 'Satisfacción de los clientes internos como externos', NULL, NULL, 'MPS06', 'Madurez del proceso', 'Satisfacción de cliente', NULL),
	(372, 'Medición y control de los procesos', NULL, NULL, 'MPS06', 'Madurez del proceso', 'Procesos', NULL),
	(373, 'Manualidad en los procesos', NULL, NULL, 'MPS06', 'Madurez del proceso', 'Procesos', NULL),
	(374, 'Procesos que satisfacen los objetivos estratégicos', NULL, NULL, 'MPS06', 'Madurez del proceso', 'Procesos', NULL),
	(375, 'Procesos con elementos identificados y documentados ', NULL, NULL, 'MPS06', 'Madurez del proceso', 'Procesos', NULL),
	(376, 'Nivel de reporte de métricas de productos y servicios del proceso', NULL, NULL, 'MPS06', 'Madurez del proceso', 'Procesos', NULL),
	(377, 'Procesos normados, publicados y aplicados', NULL, NULL, 'MPS06', 'Madurez del proceso', 'Normatividad', NULL),
	(378, 'Necesidad de la Tecnología en el proceso', NULL, NULL, 'MPS06', 'Madurez del proceso', 'Tecnología', NULL),
	(379, 'Datos identificados y gestionados', NULL, NULL, 'MPS06', 'Eficacia tecnológica', 'Datos', NULL),
	(380, 'Nivel de Analytics en el procesos', NULL, NULL, 'MPS06', 'Eficacia tecnológica', 'Datos', NULL),
	(381, 'Nivel de normalización de los datos', NULL, NULL, 'MPS06', 'Eficacia tecnológica', 'Datos', NULL),
	(382, 'Nivel de gobernanza de datos por TI', NULL, NULL, 'MPS06', 'Eficacia tecnológica', 'Datos', NULL),
	(383, 'Nivel de sinergia de la información generada', NULL, NULL, 'MPS06', 'Eficacia tecnológica', 'Datos', NULL),
	(384, 'Nivel de gobernanza de aplicaciones por TI', NULL, NULL, 'MPS06', 'Eficacia tecnológica', 'Aplicaciones', NULL),
	(385, 'Nivel de satisfacción de las aplicaciones en el proceso', NULL, NULL, 'MPS06', 'Eficacia tecnológica', 'Aplicaciones', NULL),
	(386, 'Nivel de conocimiento de la plataforma', NULL, NULL, 'MPS06', 'Eficacia tecnológica', 'Aplicaciones', NULL),
	(387, 'Flexibilidad de las aplicaciones tecnológicas', NULL, NULL, 'MPS06', 'Eficacia tecnológica', 'Aplicaciones', NULL),
	(388, 'Nivel de seguridad en la plataforma', NULL, NULL, 'MPS06', 'Eficacia tecnológica', 'Seguridad', NULL),
	(389, 'Control de la gestión de los riesgos en el proceso', NULL, NULL, 'MPS07', 'Madurez del proceso', 'Riesgos', NULL),
	(390, 'Planes de acción y contingencia en los procesos ', NULL, NULL, 'MPS07', 'Madurez del proceso', 'Riesgos', NULL),
	(391, 'Satisfacción de los clientes internos como externos', NULL, NULL, 'MPS07', 'Madurez del proceso', 'Satisfacción de cliente', NULL),
	(392, 'Medición y control de los procesos', NULL, NULL, 'MPS07', 'Madurez del proceso', 'Procesos', NULL),
	(393, 'Manualidad en los procesos', NULL, NULL, 'MPS07', 'Madurez del proceso', 'Procesos', NULL),
	(394, 'Procesos que satisfacen los objetivos estratégicos', NULL, NULL, 'MPS07', 'Madurez del proceso', 'Procesos', NULL),
	(395, 'Procesos con elementos identificados y documentados ', NULL, NULL, 'MPS07', 'Madurez del proceso', 'Procesos', NULL),
	(396, 'Nivel de reporte de métricas de productos y servicios del proceso', NULL, NULL, 'MPS07', 'Madurez del proceso', 'Procesos', NULL),
	(397, 'Procesos normados, publicados y aplicados', NULL, NULL, 'MPS07', 'Madurez del proceso', 'Normatividad', NULL),
	(398, 'Necesidad de la Tecnología en el proceso', NULL, NULL, 'MPS07', 'Madurez del proceso', 'Tecnología', NULL),
	(399, 'Datos identificados y gestionados', NULL, NULL, 'MPS07', 'Eficacia tecnológica', 'Datos', NULL),
	(400, 'Nivel de Analytics en el procesos', NULL, NULL, 'MPS07', 'Eficacia tecnológica', 'Datos', NULL),
	(401, 'Nivel de normalización de los datos', NULL, NULL, 'MPS07', 'Eficacia tecnológica', 'Datos', NULL),
	(402, 'Nivel de gobernanza de datos por TI', NULL, NULL, 'MPS07', 'Eficacia tecnológica', 'Datos', NULL),
	(403, 'Nivel de sinergia de la información generada', NULL, NULL, 'MPS07', 'Eficacia tecnológica', 'Datos', NULL),
	(404, 'Nivel de gobernanza de aplicaciones por TI', NULL, NULL, 'MPS07', 'Eficacia tecnológica', 'Aplicaciones', NULL),
	(405, 'Nivel de satisfacción de las aplicaciones en el proceso', NULL, NULL, 'MPS07', 'Eficacia tecnológica', 'Aplicaciones', NULL),
	(406, 'Nivel de conocimiento de la plataforma', NULL, NULL, 'MPS07', 'Eficacia tecnológica', 'Aplicaciones', NULL),
	(407, 'Flexibilidad de las aplicaciones tecnológicas', NULL, NULL, 'MPS07', 'Eficacia tecnológica', 'Aplicaciones', NULL),
	(408, 'Nivel de seguridad en la plataforma', NULL, NULL, 'MPS07', 'Eficacia tecnológica', 'Seguridad', NULL),
	(417, 'YYY', 'YYY', 'Cualitativo', 'MPE01', NULL, NULL, 0),
	(418, '44545', 'UYNO', 'Cualitativo', 'MPE01', NULL, NULL, 0),
	(419, '777', '777', 'Cualitativo', 'MPE01', NULL, NULL, NULL);
/*!40000 ALTER TABLE `indicadores` ENABLE KEYS */;

-- Volcando estructura para tabla heatmap_pichincha.indicadoresheatmap
CREATE TABLE IF NOT EXISTS `indicadoresheatmap` (
  `id_indicador` int(11) NOT NULL AUTO_INCREMENT,
  `indicador` varchar(200) COLLATE utf8mb4_spanish_ci DEFAULT NULL,
  `tipo` char(1) COLLATE utf8mb4_spanish_ci DEFAULT NULL,
  `peso_ind` double DEFAULT NULL,
  `prioridad_1` varchar(100) COLLATE utf8mb4_spanish_ci DEFAULT NULL,
  `prioridad_2` varchar(100) COLLATE utf8mb4_spanish_ci DEFAULT NULL,
  `prioridad_3` varchar(100) COLLATE utf8mb4_spanish_ci DEFAULT NULL,
  `prioridad_4` varchar(100) COLLATE utf8mb4_spanish_ci DEFAULT NULL,
  `prioridad_5` varchar(100) COLLATE utf8mb4_spanish_ci DEFAULT NULL,
  `situacion` int(11) DEFAULT 1 COMMENT '2 suplente, 1 principal, 0 no activo',
  PRIMARY KEY (`id_indicador`)
) ENGINE=InnoDB AUTO_INCREMENT=12 DEFAULT CHARSET=utf8mb4 COLLATE=utf8mb4_spanish_ci;

-- Volcando datos para la tabla heatmap_pichincha.indicadoresheatmap: ~11 rows (aproximadamente)
/*!40000 ALTER TABLE `indicadoresheatmap` DISABLE KEYS */;
INSERT INTO `indicadoresheatmap` (`id_indicador`, `indicador`, `tipo`, `peso_ind`, `prioridad_1`, `prioridad_2`, `prioridad_3`, `prioridad_4`, `prioridad_5`, `situacion`) VALUES
	(1, 'VOLUMETRÍA MENSUAL / CANT. DE RECLAMOS MENSUAL (EXPERIENCIA AL CLIENTE)', 'O', 15, 'Más de 50 reclamos por 100 transacciones', 'Igual o menor a 50 reclamos por 100 transacciones', 'Igual o menor a 20 reclamos por 100 transacciones', 'Igual o menor a 10 reclamos por 100 transacciones', 'Igual o menor a 5 reclamos por 100 transacciones', 1),
	(2, 'GRADO DE DOCUMENTACIÓN DE PROCESOS	', 'O', 0.1, 'Proceso sólo Inventariado', 'Proceso inventariado y con flujograma', 'Proceso completo en portal mas Documentos normativos Desactualizados', 'Proceso completo en portal mas Documentos normativos Actualizados', 'Proceso completo en PGP y PGN, bajo enfoque E2E', 0),
	(3, 'MARGEN OPERATIVO', 'O', 15, 'Gasto Operativo mayor 3MM', 'Gasto Operativo entre 2MM a 3MM', 'Gasto Operativo entre 1.5MM a 2MM', 'Gasto Operativo entre 1MM a 1.5MM', 'Gasto Operativo menor a 1MM', 1),
	(4, 'MADUREZ DEL PROCESO', 'O', 25, 'Proceso 100% manual', 'Manualidad en el 80% del proceso', 'Manualidad en el 50% del proceso', 'Manualidad en el 25% del proceso', 'El proceso es 100% digital', 1),
	(5, 'COSTO PROMEDIO HUMANO APROX.  DEL PROCESO', 'O', 15, 'Costo promedio Mayor de 10K ', 'Costo promedio entre 7K y 10K', 'Costo promedio entre 4K y 7K', 'Costo promedio entre 2.5K y 4K', 'Costo promedio menor a 2.5K', 1),
	(6, 'NIVEL DE RIESGO	', 'O', 10, 'Riesgo Residual mayor al 90% de Riesgo Inherente', 'Riesgo Residual entre 60% al 90% de Riesgo Inherente', 'Riesgo Residual entre 30% al 60% de Riesgo Inherente', 'Riesgo Residual entre 10% al 30% de Riesgo Inherente', 'Riesgo Residual menor al 10% de Riesgo Inherente', 1),
	(7, 'NIVEL DE MADUREZ DE LOS PLANES DE ACCIÓN PARA LA CONTINUIDAD DEL PROCESO', 'S', 0.1, 'No se cuantan con planes de accion definidos', 'Se cuenta con planes de acción desactualizados', 'Se cuenta con planes de acción actualizados y documentados', 'Se cuenta con planes de acción actualizados, documentados Y verificados', 'Se cuenta con plan de acción bajo enfoque E2E', 0),
	(8, 'NIVEL DE CONTROL Y MEDICIÓN DE LOS PROCESOS', 'S', 0.1, 'Proceso no controlado', 'Proceso medido cualitativamente', 'Proceso medido cuantitativamente', 'Proceso medido cuali y cuanti, que gatilla una acción', 'Proceso totalmente controlado y medido cuali y cuanti', 0),
	(9, 'ALINEACIÓN A LOS OBJETIVOS ESTRATÉGICOS 2020', 'S', 20, 'Alineado con 5 o más objetivos estratégico', 'Alineado con 4 objetivos estratégico', 'Alineado con 3 objetivos estratégico', 'Alineado con 2 objetivos estratégico', 'Alineado con 1 objetivos estratégico', 1),
	(10, 'NIVEL DE GESTIÓN DE LA INFORMACIÓN', 'S', 15, 'No Gestionado', 'Gestionado sólo datos puntuales de forma manual', 'Gestiona toda la información de forma manual', 'Gestionado a través de una herramienta TI', 'Gestionado y administrado a través de una herramienta TI', 1),
	(11, 'NIVEL DE SATISFACCIÓN DE LAS APLICACIONES AL PROCESO', 'S', 15, 'Aplicaciones office', 'Las aplicaciones no soportan los cambios del proceso.', 'Las aplicaciones satisfacen medianamente las expectativas', 'Las aplicaciones satisfacen las expectativas', 'Las aplicaciones satisfacen las expectativas y están en mejora continua', 1);
/*!40000 ALTER TABLE `indicadoresheatmap` ENABLE KEYS */;

-- Volcando estructura para tabla heatmap_pichincha.login
CREATE TABLE IF NOT EXISTS `login` (
  `dni` int(11) DEFAULT NULL,
  `nombres` varchar(100) DEFAULT NULL,
  `apellidos` varchar(100) DEFAULT NULL,
  `password` varchar(100) DEFAULT NULL,
  `rol` varchar(100) DEFAULT NULL,
  `situacion` int(1) DEFAULT NULL
) ENGINE=InnoDB DEFAULT CHARSET=utf8mb4;

-- Volcando datos para la tabla heatmap_pichincha.login: ~2 rows (aproximadamente)
/*!40000 ALTER TABLE `login` DISABLE KEYS */;
INSERT INTO `login` (`dni`, `nombres`, `apellidos`, `password`, `rol`, `situacion`) VALUES
	(72754438, 'Henry', 'Villanueva', '123456a.', 'Arquitecto de Procesos', 1),
	(12345678, 'Invitado', 'Invitado', '12345678', 'Invitado', 1);
/*!40000 ALTER TABLE `login` ENABLE KEYS */;

-- Volcando estructura para tabla heatmap_pichincha.macroproceso
CREATE TABLE IF NOT EXISTS `macroproceso` (
  `id_mp` varchar(10) DEFAULT NULL,
  `macroproceso` varchar(100) DEFAULT NULL,
  `objetivo` varchar(500) DEFAULT NULL,
  `alcance` varchar(500) DEFAULT NULL,
  `tipo` varchar(15) DEFAULT NULL
) ENGINE=InnoDB DEFAULT CHARSET=utf8mb4;

-- Volcando datos para la tabla heatmap_pichincha.macroproceso: ~18 rows (aproximadamente)
/*!40000 ALTER TABLE `macroproceso` DISABLE KEYS */;
INSERT INTO `macroproceso` (`id_mp`, `macroproceso`, `objetivo`, `alcance`, `tipo`) VALUES
	('MPE01', 'Gestión Estratégica', 'Establecer los lineamientos necesarios para la elaboración del Plan Estratégico y Plan Operativo Institucional.', 'Lineamientos para la formulación, aprobación, difusión, modificación y seguimiento del Plan Estratégico. Institucional así como la preparación, planeación, ejecución, control y seguimiento y cierre de los proyectos del Plan Operativo Institucional', 'estrategico'),
	('MPE02', 'Control Interno', 'Brindar una seguridad razonable a la Alta Dirección en el cumplimiento de los objetivos institucionales, enfocándose en alcanzar efectividad y eficiencia de las operaciones, lograr suficiencia y confiabilidad de la información financiera y buscar el cumplimiento de las leyes y regulaciones aplicables al Banco.', 'Comprende las etapas para el establecimiento de los ambientes de control, pasando por la gestión de riesgos hasta la supervisión (prevención, seguimiento y compromiso de mejora).', 'estrategico'),
	('MPE03', 'Comunicación Corporativa', 'Difundir e informar tanto interna como externamente las acciones o actividades desarrolladas por la institución, asimismo desarrollar las estrategias gestionando los niveles de imagen que posee la organización.', 'Este macro-proceso comprende el conjunto de acciones comunicativas que realiza la organización para expresar su identidad y afianzar una reputación pública positiva. El desarrollo de una positiva imagen institucional comprende: sus relaciones públicas, publicidad corporativa, responsabilidad social corporativa, entre otros.', 'estrategico'),
	('MPE04', 'Desarrollo Institucional', 'Macro-proceso Estratégico que consiste en el diseño de los procesos y mejora continua con la finalidad de implementar y optimizar la estructura organizacional, creando un estilo y señalando un norte desde la institucionalidad. Se involucra también las actividades asociadas a la implementación del Sistema de Gestión de la Calidad (SGC).', 'Actividades relacionadas al análisis, despliegue y mejora de procesos, elaboración y publicación de los documentos normativos institucionales, creación de unidades orgánicas, certificación de procesos bajo el sistema de gestión de calidad. ', 'estrategico'),
	('MPO01', 'Desarrollo de Productos y Servicios', 'Definir el producto/servicio de acuerdo a las necesidades de los clientes, y estructurar el plan comercial con una correcta gestión de la fuerza de ventas, mediante el análisis de oportunidades de negocio en zonas de influencia a nivel nacional.', 'Detalla las fases de investigación, diseño, desarrollo del producto, evaluación, implementación y lanzamiento de nuevos productos, a través de un plan comercial, a fin de satisfacer las necesidades del cliente. Asimismo involucra la identificación de oportunidades para los productos existentes que necesiten cambios significativos.', 'operativo'),
	('MPO02', 'Captaciones', 'Macro-proceso Operativo que atiende la captación de recursos mediante la apertura de una cuenta bancaria, a su vez, administra dichas cuentas hasta su cierre.Proveer de recursos financieros disponibles en el mercado para dedicarlos con fines de inversión o de consumo. Estos recursos pueden ser internos o externos (del exterior).', 'Atiende la apertura de cuentas bancarias, y la administración de dichas cuentas hasta su cierre; asimismo realiza la captación de recursos a través de abonos, depósitos y transferencias a las cuentas de los clientes, así como el canje electrónico de cheques.', 'operativo'),
	('MPO03', 'Colocaciones', 'Administrar los fondos disponibles provenientes de las captaciones y recursos propios del Banco, dirigiéndolos hacia a personas naturales o jurídicas; así como, a organismos y entidades públicas del Gobierno Nacional, Gobiernos Subnacionales, Instituciones Financieras de Intermediación; asegurando su respectiva recuperación.', 'Comprende desde la evaluación crediticia, hasta la gestión de recuperación de los créditos otorgados en sus diferentes fases (regular, prejudicial, judicial y castigo).', 'operativo'),
	('MPO04', 'Servicios', 'Macro-Proceso Operativo, consiste en la ejecución de servicios y administración de las prestaciones que se ofrecen a entidades del sistema público y privado, a través de la suscripción de convenios o contratos; los mismos que establecen la operatividad a fin de cumplir las funciones en calidad de Banco corresponsal del Estado.', 'Actividades relacionadas a brindar los servicios de giros, cheques, certificados bancarios, recaudación, corresponsalía, ejecución coactiva, depósitos judiciales, embargos, levantamiento de secreto bancario, depósitos de garantía y pago de deuda externa.', 'operativo'),
	('MPO05', 'Inversiones', 'Rentabilizar los fondos provenientes de las operaciones del Banco, canalizándolos hacia la negociación de diversos instrumentos financieros (renta fija, variable) y cambio de divisas.', 'Involucra desde la recepción de información de la disponibilidad de los excedentes, hasta la realización de las inversiones.', 'operativo'),
	('MPO06', 'Gestión de Canales de Atención', 'Gestionar los múltiples canales de atención que sirven como medio para brindar servicios y productos de calidad a los clientes y usuarios del Banco.', 'Comprende la apertura, administración y cierre de los canales de atención para la prestación de servicios financieros de acuerdo a las Líneas de Negocio del Banco.', 'operativo'),
	('MPO07', 'Servicio de Atención al Cliente', 'El macro-proceso, tiene por finalidad la atención a los usuarios y clientes en relación a los productos y servicio a través de sus diferentes canales de atención; asimismo la atención del servicio post-venta y el seguimiento del cliente.', 'Gestionar integralmente las actividades de seguimiento al cliente (servicio post-venta), entre otras actividades deberá dar trámite oportuno a las diferentes partes involucradas, de las solicitudes internas y externas como peticiones, quejas, reclamos, derechos de petición, de acuerdo a las disposiciones legales vigentes así como la atención de sugerencias de clientes internos para la mejora continua de productos y servicios.', 'operativo'),
	('MPS01', 'Gestión Documentaria', 'Este Macro-proceso gestiona y controla las actividades relacionadas con la recepción, emisión y despacho de los documentos que ingresa al Banco o que este remita. Asimismo, las actividades respectivas al archivo de la documentación remitida al archivo central para su almacenamiento y custodia física o digitalizada.', 'Garantizar la correcta y oportuna dirección, planeación, manejo, control, organización y funcionamiento de la gestión documental y la administración de archivos del Banco, de forma armónica y homogénea de acuerdo con su naturaleza y sus fines.', 'soporte'),
	('MPS02', 'Gestión de los Recursos Humanos', 'Planear, organizar y desarrollar todo las actividades orientadas a promover el desempeño eficiente del personal desde su incorporación, desarrollo y desvinculación.', 'Este Macro-Proceso gestiona las actividades inherentes a la selección de personal, administración del personal, desarrollo del talento humano y su desvinculación del banco.', 'soporte'),
	('MPS03', 'Gestión Logística', 'Gestionar la contratación eficaz y eficiente de bienes, servicios u obras requeridos por las diferentes dependencias y proyectos de la organización para el logro de los objetivos y metas institucionales, de acuerdo con la normatividad vigente; garantizando el normal desarrollo de los procesos operativos y estratégicos del Banco de la Nación. Asimismo, asegurar proveedores con capacidad para proporcionar materiales y servicios de calidad en forma oportuna, a precios competitivos.', 'Comprende las etapas de planificación de las contrataciones, ejecución de las contrataciones; gestión de almacenamiento de los bienes del Banco, desde el momento de su adquisición, hasta su retiro definitivo del servicio.', 'soporte'),
	('MPS04', 'Administración Financiera', 'Planear, controlar y ejecutar de manera eficiente, oportuna y transparente los recursos financieros del Banco, para el desarrollo de cada uno de los procesos y gestionar de manera pertinente el manejo administrativo que demandan sus unidades orgánicas. Asimismo, administrar de manera eficiente los recursos del tesoro público por encargo del MEF.', 'Involucra la programación del presupuesto, consecución del financiamiento (captación de fondos), la contabilización de cada una de las operaciones, los ajustes y reportes contables, la elaboración de los estados financieros y respectivos informes para los grupos de interés del Banco de la Nación.', 'soporte'),
	('MPS05', 'Soporte Legal', 'Brindar una asesoría acertada y oportuna a las dependencias a nivel nacional sobre las consultas jurídicas que surgen producto de la actividad bancaria. Asimismo defender los intereses, y prevenir el daño antijurídico mediante una transparente representación jurídica ante las Autoridades Judiciales, Civiles y Militares en acciones donde el Banco forme parte.', 'Comprende desde el análisis y sustentación de la interposición de acciones judiciales, civiles y penales interpuestas al Banco, y, la proyección de opinión en materia bancaria y administrativa. Asimismo, involucra el proceso de representación del Banco para la protección y tutela de sus derechos ante las instancias jurisdiccionales en el ámbito nacional.', 'soporte'),
	('MPS06', 'Gestión de Tecnologías de Información', 'Gestionar, planificar y evaluar los procesos, procedimientos y elementos que conforman la infraestructura de informática y de comunicaciones de la institución, para responder a los requerimientos efectuados por parte de los clientes internos y externos, con el fin de asegurar la continuidad, la disponibilidad y la seguridad de la plataforma, a través de la prestación de un excelente servicio. \r\nseguridad de la plataforma, a través de la prestación de un excelente servicio ', 'Actividades relacionadas a la gestión de las necesidades de la demanda, arquitectura de tecnología de información, desarrollo y mantenimiento de aplicativos, administración de calidad de TI, administración de infraestructura tecnológica, así como la administración de la base de datos y el computador central.', 'soporte'),
	('MPS07', 'Gestión de la Seguridad Integral', 'Garantizar la seguridad integral de los recursos humanos, logísticos, informáticos y de valores del Banco.', 'Desde la identificación de necesidades de seguridad de los recursos humanos, logísticos, informáticos y valores del Banco, implementación de medidas de seguridad y monitoreo e intervención de eventos que atenten contra la seguridad.', 'soporte');
/*!40000 ALTER TABLE `macroproceso` ENABLE KEYS */;

-- Volcando estructura para tabla heatmap_pichincha.niveles_heatmap
CREATE TABLE IF NOT EXISTS `niveles_heatmap` (
  `id_nivel` int(11) NOT NULL AUTO_INCREMENT,
  `nivel` int(11) DEFAULT NULL,
  `descripcion` varchar(50) DEFAULT NULL,
  PRIMARY KEY (`id_nivel`)
) ENGINE=InnoDB AUTO_INCREMENT=7 DEFAULT CHARSET=utf8mb4;

-- Volcando datos para la tabla heatmap_pichincha.niveles_heatmap: ~6 rows (aproximadamente)
/*!40000 ALTER TABLE `niveles_heatmap` DISABLE KEYS */;
INSERT INTO `niveles_heatmap` (`id_nivel`, `nivel`, `descripcion`) VALUES
	(1, 0, 'Sin nivel'),
	(2, 1, 'Básico'),
	(3, 2, 'En desarrollo'),
	(4, 3, 'Satisfactorio'),
	(5, 4, 'Administrado'),
	(6, 5, 'Optimizado');
/*!40000 ALTER TABLE `niveles_heatmap` ENABLE KEYS */;

-- Volcando estructura para tabla heatmap_pichincha.procesos
CREATE TABLE IF NOT EXISTS `procesos` (
  `id_proceso` int(11) NOT NULL AUTO_INCREMENT,
  `proceso` varchar(200) NOT NULL DEFAULT '0',
  `id_macroproceso` varchar(50) NOT NULL DEFAULT '0',
  `ownerp` varchar(100) DEFAULT NULL,
  `gerencia` varchar(150) DEFAULT NULL,
  `vp` varchar(150) DEFAULT NULL,
  PRIMARY KEY (`id_proceso`)
) ENGINE=InnoDB AUTO_INCREMENT=246 DEFAULT CHARSET=utf8mb4;

-- Volcando datos para la tabla heatmap_pichincha.procesos: ~245 rows (aproximadamente)
/*!40000 ALTER TABLE `procesos` DISABLE KEYS */;
INSERT INTO `procesos` (`id_proceso`, `proceso`, `id_macroproceso`, `ownerp`, `gerencia`, `vp`) VALUES
	(1, 'Gestión de Auditorias internas', 'MPE02', 'Pedro Navarro', 'Auditoria General Corporativa', '1'),
	(2, 'Validación de Observaciones de Auditoria', 'MPE02', 'Pedro Navarro', 'Auditoria General Corporativa', '1'),
	(3, 'Elaboración del plan anual de auditoría', 'MPE02', 'Pedro Navarro', 'Auditoria General Corporativa', '1'),
	(4, 'Recuperación de créditos', 'MPO03', 'Adolfo Román', 'Gerencia de Activos Especiales y Normalización', '4'),
	(5, 'Elaboración de reporte de directores y principales funcionarios', 'MPS05', 'Hernán Huerta', 'Gerencia Corporativa de Asesoría Legal', '5'),
	(6, 'Gestión de levantamiendo de garantías', 'MPS05', 'Hernán Huerta', 'Gerencia Corporativa de Asesoría Legal', '5'),
	(7, 'Elaboración de contratos para registros públicos', 'MPS05', 'Hernán Huerta', 'Gerencia Corporativa de Asesoría Legal', '5'),
	(8, 'Gestión de clientes fallecidos', 'MPS05', 'Hernán Huerta', 'Gerencia Corporativa de Asesoría Legal', '5'),
	(9, 'Gestión de procesos laborales', 'MPS05', 'Hernán Huerta', 'Gerencia Corporativa de Asesoría Legal', '5'),
	(10, 'Gestión de estudio de poderes', 'MPS05', 'Hernán Huerta', 'Gerencia Corporativa de Asesoría Legal', '5'),
	(11, 'Gestión de trámite por poder personas naturales', 'MPS05', 'Hernán Huerta', 'Gerencia Corporativa de Asesoría Legal', '5'),
	(12, 'Actualización de información de GC', 'MPS05', 'Hernán Huerta', 'Gerencia Corporativa de Asesoría Legal', '5'),
	(13, 'Elaboración de minuta de hipoteca', 'MPS05', 'Hernán Huerta', 'Gerencia Corporativa de Asesoría Legal', '5'),
	(14, 'Atención de reclamos y denuncias ante INDECOPI', 'MPO07', 'Hernán Huerta', 'Gerencia Corporativa de Asesoría Legal', '5'),
	(15, 'Elaboración de contratos para SBS', 'MPE02', 'Hernán Huerta', 'Gerencia Corporativa de Asesoría Legal', '5'),
	(16, 'Elaboración de reportes de hechos de importancia', 'MPS05', 'Hernán Huerta', 'Gerencia Corporativa de Asesoría Legal', '5'),
	(17, 'Atención de Poderes Colaboradores', 'MPS05', 'Hernán Huerta', 'Gerencia Corporativa de Asesoría Legal', '5'),
	(18, 'Constestación de demandas civiles', 'MPS05', 'Hernán Huerta', 'Gerencia Corporativa de Asesoría Legal', '5'),
	(19, 'Atención de defensa en denuncias penales', 'MPS05', 'Hernán Huerta', 'Gerencia Corporativa de Asesoría Legal', '5'),
	(20, 'Atención de denuncias penales', 'MPS05', 'Hernán Huerta', 'Gerencia Corporativa de Asesoría Legal', '5'),
	(21, 'Gestión de contratos proveedores y contrapartes no clientes', 'MPS05', 'Hernán Huerta', 'Gerencia Corporativa de Asesoría Legal', '5'),
	(22, 'Atención de embargos', 'MPS05', 'Hernán Huerta', 'Gerencia Corporativa de Asesoría Legal', '5'),
	(23, 'Atención de visitas de inspección', 'MPE02', 'Manuel Solís', 'Gerencia Corporativo de Cumplimiento Normativo', '5'),
	(24, 'Gestión de aprobación de documentos prepublicados', 'MPE04', 'Manuel Solís', 'Gerencia Corporativo de Cumplimiento Normativo', '5'),
	(25, 'Gestión de cumplimiento de normativa externa', 'MPE04', 'Manuel Solís', 'Gerencia Corporativo de Cumplimiento Normativo', '5'),
	(26, 'Administración de documentos normativos', 'MPE04', 'Manuel Solís', 'Gerencia Corporativo de Cumplimiento Normativo', '5'),
	(27, 'Administración de alertas y operaciones', 'MPE02', 'Nathalie Tello', 'Oficial Corporativo de Cumplimiento', '5'),
	(28, 'Revisión de debida diligencia', 'MPE02', 'Nathalie Tello', 'Oficial Corporativo de Cumplimiento', '5'),
	(29, 'Capacitación de sistema PLAFT', 'MPE02', 'Nathalie Tello', 'Oficial Corporativo de Cumplimiento', '5'),
	(30, 'Formulación de presupuesto', 'MPS03', 'Alfredo Yi', 'Gerencia Corporativo de Servicios Administrativos e Infraestructura', '6'),
	(31, 'Gestión de obras ', 'MPS03', 'Alfredo Yi', 'Gerencia Corporativo de Servicios Administrativos e Infraestructura', '6'),
	(32, 'Gestión de alquileres de inmuebles y pago de impuestos', 'MPS03', 'Alfredo Yi', 'Gerencia Corporativo de Servicios Administrativos e Infraestructura', '6'),
	(33, 'Administración de servicio de telefonía y alarmas ', 'MPS03', 'Alfredo Yi', 'Gerencia Corporativo de Servicios Administrativos e Infraestructura', '6'),
	(34, 'Gestión de licencias municipales', 'MPS03', 'Alfredo Yi', 'Gerencia Corporativo de Servicios Administrativos e Infraestructura', '6'),
	(35, 'Gestión de bienes adjudicados', 'MPS03', 'Alfredo Yi', 'Gerencia Corporativo de Servicios Administrativos e Infraestructura', '6'),
	(36, 'Gestión de mantenimiento de instalaciones e inmuebles', 'MPS03', 'Alfredo Yi', 'Gerencia Corporativo de Servicios Administrativos e Infraestructura', '6'),
	(37, 'Administración de sistema de seguridad y salud ocupacional', 'MPS07', 'Alfredo Yi', 'Gerencia Corporativo de Servicios Administrativos e Infraestructura', '6'),
	(38, 'Gestión de seguridad electrónica y física', 'MPS07', 'Alfredo Yi', 'Gerencia Corporativo de Servicios Administrativos e Infraestructura', '6'),
	(39, 'Administación de servicios generales', 'MPS03', 'Alfredo Yi', 'Gerencia Corporativo de Servicios Administrativos e Infraestructura', '6'),
	(40, 'Gestión de compra de insumos y servicios', 'MPS03', 'Alfredo Yi', 'Gerencia Corporativo de Servicios Administrativos e Infraestructura', '6'),
	(41, 'Gestión de proveedores', 'MPS03', 'Alfredo Yi', 'Gerencia Corporativo de Servicios Administrativos e Infraestructura', '6'),
	(42, 'Gestión de transferencias inmediatas', 'MPS04', 'Carlos Benavides', 'Gerencia de Finanzas', '6'),
	(43, 'Recepción de transferencias interbancarias diferidas', 'MPS04', 'Carlos Benavides', 'Gerencia de Finanzas', '6'),
	(44, 'Gestión de envío de transferencias interbancarias diferidas', 'MPS04', 'Carlos Benavides', 'Gerencia de Finanzas', '6'),
	(45, 'Compensación de efectivo con otros bancos', 'MPS04', 'Carlos Benavides', 'Gerencia de Finanzas', '6'),
	(46, 'Gestión de acciones liberadas', 'MPS04', 'Carlos Benavides', 'Gerencia de Finanzas', '6'),
	(47, 'Gestión de traspaso de valores', 'MPS04', 'Carlos Benavides', 'Gerencia de Finanzas', '6'),
	(48, 'Gestión de cambio de titularidad de accionista', 'MPS04', 'Carlos Benavides', 'Gerencia de Finanzas', '6'),
	(49, 'Gestión de pago de dividendos', 'MPS04', 'Carlos Benavides', 'Gerencia de Finanzas', '6'),
	(50, 'Gestión de suscripción preferente', 'MPS04', 'Carlos Benavides', 'Gerencia de Finanzas', '6'),
	(51, 'Gestión de billetera electrónica', 'MPS04', 'Carlos Benavides', 'Gerencia de Finanzas', '6'),
	(52, 'Administración de soporte de agencias', 'MPO06', 'Carlos Benavides', 'Gerencia de Finanzas', '6'),
	(53, 'Administración de información financiera', 'MPS04', 'Carlos Benavides', 'Gerencia de Finanzas', '6'),
	(54, 'Gestión de presupuesto', 'MPE01', 'Carlos Benavides', 'Gerencia de Finanzas', '6'),
	(55, 'Gestión de monedas', 'MPS04', 'Luis Costa', 'Gerencia de Tesorería', '6'),
	(56, 'Gestión de operaciones Spot divisas', 'MPS04', 'Luis Costa', 'Gerencia de Tesorería', '6'),
	(57, 'Gestión de adeudados con COFIDE', 'MPS04', 'Luis Costa', 'Gerencia de Tesorería', '6'),
	(58, 'Gestión de tasas pool', 'MPS04', 'Luis Costa', 'Gerencia de Tesorería', '6'),
	(59, 'Gestión de excedentes de liquidez', 'MPS04', 'Luis Costa', 'Gerencia de Tesorería', '6'),
	(60, 'Captación y colocación de préstamos interbancarios', 'MPS04', 'Luis Costa', 'Gerencia de Tesorería', '6'),
	(61, 'Gestión de cartera de créditos', 'MPS04', 'Luis Costa', 'Gerencia de Tesorería', '6'),
	(62, 'Gestión de valores', 'MPS04', 'Luis Costa', 'Gerencia de Tesorería', '6'),
	(63, 'Gestión de operaciones Spot', 'MPS04', 'Luis Costa', 'Gerencia de Tesorería', '6'),
	(64, 'Gestión de convenio', 'MPO04', 'Luis Costa', 'Gerencia de Tesorería', '6'),
	(65, 'Gestión de tipo de cambio FWD moneda extranjera', 'MPS04', 'Luis Costa', 'Gerencia de Tesorería', '6'),
	(66, 'Formalización y firma de contrato marco para derivados', 'MPS04', 'Luis Costa', 'Gerencia de Tesorería', '6'),
	(67, 'Gestión de depósitos a plazo de clientes corporativos', 'MPS04', 'Luis Costa', 'Gerencia de Tesorería', '6'),
	(68, 'Gestión de tipo de cambio', 'MPO05', 'Luis Costa', 'Gerencia de Tesorería', '6'),
	(69, 'Gestión de contratos Forward', 'MPO05', 'Luis Costa', 'Gerencia de Tesorería', '6'),
	(70, 'Gestión de operaciones de cambio Spot y Arbitraje', 'MPS04', 'Luis Costa', 'Gerencia de Tesorería', '6'),
	(71, 'Gestión de operaciones BCR y/o bancos del sistema', 'MPS04', 'Luis Costa', 'Gerencia de Tesorería', '6'),
	(72, 'Elaboración de presupuesto por consorcios', 'MPS04', 'Karina Taype', 'Gerencia Corporativo de Finanzas Vinculadas', '6'),
	(73, 'Gestión de participación de aportantes', 'MPS04', 'Karina Taype', 'Gerencia Corporativo de Finanzas Vinculadas', '6'),
	(74, 'Gestión de resultados e indicadores financieros', 'MPS04', 'Karina Taype', 'Gerencia Corporativo de Finanzas Vinculadas', '6'),
	(75, 'Gestión de reportes de Tesorería', 'MPS04', 'Karina Taype', 'Gerencia Corporativo de Finanzas Vinculadas', '6'),
	(76, 'Captación de adeudados largo plazo', 'MPO05', 'Karina Taype', 'Gerencia Corporativo de Finanzas Vinculadas', '6'),
	(77, 'Gestión de bonos y certificados de depósitos negociables', 'MPO05', 'Karina Taype', 'Gerencia Corporativo de Finanzas Vinculadas', '6'),
	(78, 'Gestión de parámetros', 'MPS04', 'Karina Taype', 'Gerencia Corporativo de Finanzas Vinculadas', '6'),
	(79, 'Atención de solicitudes de información requerido por SUNAT', 'MPS04', 'Ursula Fernandez', 'Gerencia Corporativo de Contraloria', '6'),
	(80, 'Generación de reporte crediticio de deudores', 'MPS04', 'Ursula Fernandez', 'Gerencia Corporativo de Contraloria', '6'),
	(81, 'Generación de libros electrónicos', 'MPS04', 'Ursula Fernandez', 'Gerencia Corporativo de Contraloria', '6'),
	(82, 'Gestión de provisiones de cuentas por cobrar', 'MPS04', 'Ursula Fernandez', 'Gerencia Corporativo de Contraloria', '6'),
	(83, 'Gestión de cierre contable', 'MPS04', 'Ursula Fernandez', 'Gerencia Corporativo de Contraloria', '6'),
	(84, 'Gestión de otros gastos', 'MPS04', 'Ursula Fernandez', 'Gerencia Corporativo de Contraloria', '6'),
	(85, 'Gestión de pago a proveedores', 'MPS03', 'Ursula Fernandez', 'Gerencia Corporativo de Contraloria', '6'),
	(86, 'Control de gastos administrativos', 'MPS04', 'Ursula Fernandez', 'Gerencia Corporativo de Contraloria', '6'),
	(87, 'Declaración de impuestos', 'MPS04', 'Ursula Fernandez', 'Gerencia Corporativo de Contraloria', '6'),
	(88, 'Gestión de encaje bancario', 'MPS04', 'Ursula Fernandez', 'Gerencia Corporativo de Contraloria', '6'),
	(89, 'Atención de solicitudes e incidentes', 'MPS06', 'Pablo Barzola', 'Gerencia Principal de Operaciones TI', '9'),
	(90, 'Modificación de Infraestructura', 'MPS06', 'Pablo Barzola', 'Gerencia Principal de Operaciones TI', '9'),
	(91, 'Atención de incidentes', 'MPS06', 'Pablo Barzola', 'Gerencia Principal de Operaciones TI', '9'),
	(92, 'Gestión de servicios de seguridad TI', 'MPS07', 'Pablo Barzola', 'Gerencia Principal de Operaciones TI', '9'),
	(93, 'Evaluación tecnológica', 'MPS06', 'Jimy Fajardo', 'Gerencia de Arquitectura Empresarial', '9'),
	(94, 'Gestión de servidores', 'MPS06', 'Pablo Barzola', 'Gerencia Principal de Operaciones TI', '9'),
	(95, 'Ingreso al Data Center', 'MPS06', 'Pablo Barzola', 'Gerencia Principal de Operaciones TI', '9'),
	(96, 'Gestión de AE  en Gestión de Demanda', 'MPS06', 'Jimy Fajardo', 'Gerencia de Arquitectura Empresarial', '9'),
	(97, 'Gestión de mejora continua tecnológica', 'MPS06', 'Jimy Fajardo', 'Gerencia de Arquitectura Empresarial', '9'),
	(98, 'Gestión de dominios o subdominios', 'MPS06', 'Luis Arenaza', 'Gerencia de Gobierno de Datos y Analytics', '9'),
	(99, 'Respaldo de Datos (AS400)', 'MPS06', 'Pablo Barzola', 'Gerencia Principal de Operaciones TI', '9'),
	(100, 'Gestión del diccionario y modelo de metadatos', 'MPS06', 'Luis Arenaza', 'Gerencia de Gobierno de Datos y Analytics', '9'),
	(101, 'Gestión de problemas', 'MPS06', 'Pablo Barzola', 'Gerencia Principal de Operaciones TI', '9'),
	(102, 'Gestión de activos TI', 'MPS06', 'Pablo Barzola', 'Gerencia Principal de Operaciones TI', '9'),
	(103, 'Gestión de configuración', 'MPS06', 'Pablo Barzola', 'Gerencia Principal de Operaciones TI', '9'),
	(104, 'Gestión de conocimiento', 'MPS06', 'Pablo Barzola', 'Gerencia Principal de Operaciones TI', '9'),
	(105, 'Gestión de pruebas en proyectos TI', 'MPS06', 'Lennie Valencia', 'Gerencia de Proyectos Estratégicos', '9'),
	(106, 'Gestión de servicios de TI', 'MPS06', 'Lennie Valencia', 'Gerencia de Proyectos Estratégicos', '9'),
	(107, 'Gestionar incidentes y problemas', 'MPS06', 'Pablo Barzola', 'Gerencia Principal de Operaciones TI', '9'),
	(108, 'Atención de nuevos requerimientos de clientes internos', 'MPS06', 'Roy Oré', 'Gerencia de Operaciones de Negocio', '9'),
	(109, 'Gestión de cambios de TI', 'MPS06', 'Pablo Barzola', 'Gerencia Principal de Operaciones TI', '9'),
	(110, 'Gestón de desarrollo de soluciones', 'MPS06', 'Lennie Valencia', 'Gerencia de Proyectos Estratégicos', '9'),
	(111, 'Gestión de demanda', 'MPS06', 'Lennie Valencia', 'Gerencia de Proyectos Estratégicos', '9'),
	(112, 'Gestión de framework de gobierno de datos y analytics', 'MPS06', 'Luis Arenaza', 'Gerencia de Gobierno de Datos y Analytics', '9'),
	(113, 'Admnistración de reportes y conceptos BI', 'MPS06', 'Luis Arenaza', 'Gerencia de Gobierno de Datos y Analytics', '9'),
	(114, 'Gestión de mejoras en proceso crediticio', 'MPO01', 'Augusto Tsukazan', 'Gerencia de Credit Solutions Banca Mayorista', '2'),
	(115, 'Revisión de compromisos y covenants', 'MPO01', 'Augusto Tsukazan', 'Gerencia de Credit Solutions Banca Mayorista', '2'),
	(116, 'Vigencia de líneas de crédito', 'MPO01', 'Augusto Tsukazan', 'Gerencia de Credit Solutions Banca Mayorista', '2'),
	(117, 'Gestión de análisis financiero para propuesta de crédito', 'MPO01', 'Augusto Tsukazan', 'Gerencia de Credit Solutions Banca Mayorista', '2'),
	(118, 'Gestión de carta fianza', 'MPO03', 'Gustavo Fernandez', 'Gerencia Principal de Negocios Internacionales y Productos Banca Mayorista', '2'),
	(119, 'Gestión de títulos', 'MPO03', 'Gustavo Fernandez', 'Gerencia Principal de Negocios Internacionales y Productos Banca Mayorista', '2'),
	(120, 'Gestión de pago con cargo en cuenta', 'MPO03', 'Gustavo Fernandez', 'Gerencia Principal de Negocios Internacionales y Productos Banca Mayorista', '2'),
	(121, 'Gestión de carta de crédito (importación)', 'MPO03', 'Gustavo Fernandez', 'Gerencia Principal de Negocios Internacionales y Productos Banca Mayorista', '2'),
	(122, 'Gestión de Carta de crédito (exportación)', 'MPO03', 'Gustavo Fernandez', 'Gerencia Principal de Negocios Internacionales y Productos Banca Mayorista', '2'),
	(123, 'Gestión del crédito Leasing', 'MPO03', 'Gustavo Fernandez', 'Gerencia Principal de Negocios Internacionales y Productos Banca Mayorista', '2'),
	(124, 'Gestión de relaciones con entidabes bancarias', 'MPO04', 'Gustavo Fernandez', 'Gerencia Principal de Negocios Internacionales y Productos Banca Mayorista', '2'),
	(125, 'Prestación de servicios de cobranza', 'MPO04', 'Gustavo Fernandez', 'Gerencia Principal de Negocios Internacionales y Productos Banca Mayorista', '2'),
	(126, 'Recuperación de créditos por cobranza', 'MPO03', 'Gustavo Fernandez', 'Gerencia Principal de Negocios Internacionales y Productos Banca Mayorista', '2'),
	(127, 'Administración de cobranza', 'MPO04', 'Gustavo Fernandez', 'Gerencia Principal de Negocios Internacionales y Productos Banca Mayorista', '2'),
	(128, 'Gestión de pago de multas, impuestos', 'MPO04', 'Gustavo Fernandez', 'Gerencia Principal de Negocios Internacionales y Productos Banca Mayorista', '2'),
	(129, 'Gestión de envío de transferencias interbancarias', 'MPO04', 'Gustavo Fernandez', 'Gerencia Principal de Negocios Internacionales y Productos Banca Mayorista', '2'),
	(130, 'Colocación de tarjeta de crédito empresarial', 'MPO03', 'Gustavo Fernandez', 'Gerencia Principal de Negocios Internacionales y Productos Banca Mayorista', '2'),
	(131, 'Colocación de financiamiento COMEX', 'MPO03', 'Gustavo Fernandez', 'Gerencia Principal de Negocios Internacionales y Productos Banca Mayorista', '2'),
	(132, 'Colocación a mediano plazo', 'MPO03', 'Gustavo Fernandez', 'Gerencia Principal de Negocios Internacionales y Productos Banca Mayorista', '2'),
	(133, 'Colocación de factoring confirmado', 'MPO03', 'Gustavo Fernandez', 'Gerencia Principal de Negocios Internacionales y Productos Banca Mayorista', '2'),
	(134, 'Gestión de colocación de créditos', 'MPO03', 'Gustavo Fernandez', 'Gerencia Principal de Negocios Internacionales y Productos Banca Mayorista', '2'),
	(135, 'Colocación de cuenta corriente ', 'MPO03', 'Gustavo Fernandez', 'Gerencia Principal de Negocios Internacionales y Productos Banca Mayorista', '2'),
	(136, 'Recaudación de cobranza', 'MPO03', 'Gustavo Fernandez', 'Gerencia Principal de Negocios Internacionales y Productos Banca Mayorista', '2'),
	(137, 'Atención de consultas y reclamos', 'MPO07', 'Gustavo Fernandez', 'Gerencia Principal de Negocios Internacionales y Productos Banca Mayorista', '2'),
	(138, 'Administración de cash financiero', 'MPO03', 'Gustavo Fernandez', 'Gerencia Principal de Negocios Internacionales y Productos Banca Mayorista', '2'),
	(139, 'Administración de crédito mayorista', 'MPO03', 'Gustavo Fernandez', 'Gerencia Principal de Negocios Internacionales y Productos Banca Mayorista', '2'),
	(140, 'Gestión de cuenta depósito', 'MPO02', 'Gustavo Fernandez', 'Gerencia Principal de Negocios Internacionales y Productos Banca Mayorista', '2'),
	(141, 'Administración de portafolios', 'MPO03', 'Manuel Alegre', 'Gerencia Principal de Banca Empresa', '2'),
	(142, 'Gestión comercial de Banca Mayorista', 'MPO03', 'Virginia Urbina', 'Gerencia de Estrategia y Planificación Comercial de Banca Mayorista y Emprendedora', '2'),
	(143, 'Colocación de préstamo FAE', 'MPO03', 'Mitchell Lazaro', 'Gerencia Principal de Banca Emprendedora', '2'),
	(144, 'Preparación de información y sesión de comité de cobranzas', 'MPO03', 'Mitchell Lazaro', 'Gerencia Principal de Banca Emprendedora', '2'),
	(145, 'Colocación de crédito de Banca Emprendedora', 'MPO03', 'Mitchell Lazaro', 'Gerencia Principal de Banca Emprendedora', '2'),
	(146, 'Gestión de reprogramación masiva', 'MPO03', 'Mitchell Lazaro', 'Gerencia Principal de Banca Emprendedora', '2'),
	(147, 'Gestión de reprogramación individual ', 'MPO03', 'Mitchell Lazaro', 'Gerencia Principal de Banca Emprendedora', '2'),
	(148, 'Elaboración de dashboard para comité', 'MPO01', 'Virginia Urbina', 'Gerencia de Estrategia y Planificación Comercial de Banca Mayorista y Emprendedora', '2'),
	(149, 'Adquisión de renovación de convenio marco', 'MPO04', 'Ricardo Kanna', 'Gerencia Principal de Productos Banca Personas', '3'),
	(150, 'Recuadación y cobranza de convenios', 'MPO04', 'Ricardo Kanna', 'Gerencia Principal de Productos Banca Personas', '3'),
	(151, 'Admisión de Crédito Credialtoque', 'MPO03', 'Ricardo Kanna', 'Gerencia Principal de Productos Banca Personas', '3'),
	(152, 'Colocación de CrediAltoque', 'MPO03', 'Ricardo Kanna', 'Gerencia Principal de Productos Banca Personas', '3'),
	(153, 'Atención solicitudes de cliente y entidades reguladoras', 'MPE02', 'Ricardo Kanna', 'Gerencia Principal de Productos Banca Personas', '3'),
	(154, 'Gestión de requerimientos trade marketing', 'MPE03', 'Michelle Wenzel', 'Gerencia de Publicidad', '3'),
	(155, 'Gestión de campañas', 'MPE03', 'Michelle Wenzel', 'Gerencia de Publicidad', '3'),
	(156, 'Atención de desafiliación de seguro', 'MPO07', 'Ricardo Kanna', 'Gerencia Principal de Productos Banca Personas', '3'),
	(157, 'Colocación de seguro obligatorio', 'MPO03', 'Ricardo Kanna', 'Gerencia Principal de Productos Banca Personas', '3'),
	(158, 'Atención de endoso de póliza', 'MPO03', 'Ricardo Kanna', 'Gerencia Principal de Productos Banca Personas', '3'),
	(159, 'Medición de experiancia de cliente por banca telefónica', 'MPO07', 'Mariano Perotti', 'Gerencia de Segmentos y CRM', '3'),
	(160, 'Atención de Operaciones por Canales', 'MPO06', 'Alfonso Moncloa', 'Gerencia Principal de Transformación', '3'),
	(161, 'Atención de apertura de cuentas de ahorro en línea', 'MPO06', 'Alfonso Moncloa', 'Gerencia Principal de Transformación', '3'),
	(162, 'Atención de agentes corresponsales y cajeros automáticos', 'MPO06', 'Alfonso Moncloa', 'Gerencia Principal de Transformación', '3'),
	(163, 'Validación de sustentos de facturación con proveedor de contact center', 'MPO07', 'Alex Revilla', 'Gerencia de Canales Comerciales', '3'),
	(164, 'Atención de consultas y solicitudes', 'MPO07', 'Alex Revilla', 'Gerencia de Canales Comerciales', '3'),
	(165, 'Priorización de Proyectos', 'MPE02', 'Erikha Flores', 'TMO', '3'),
	(166, 'Conciliación y compensación de operaciones BIM', 'MPO06', 'Alfonso Moncloa', 'Gerencia Principal de Transformación', '3'),
	(167, 'Activación de usuarios digitales', 'MPO06', 'Alfonso Moncloa', 'Gerencia Principal de Transformación', '3'),
	(168, 'Gestión de actualización de aplicativo Banco Pichincha', 'MPO06', 'Alfonso Moncloa', 'Gerencia Principal de Transformación', '3'),
	(169, 'Securización del App usando plataforma APPDOME', 'MPO06', 'Alfonso Moncloa', 'Gerencia Principal de Transformación', '3'),
	(170, 'Gestión de apertura de productos pasivos', 'MPO02', 'Ivan Mostacero', 'Gerencia de Red de Agencias', '3'),
	(171, 'Administración de inventario de procesos', 'MPE04', 'Carlos Torres', 'Gerencia de Transformación y Digitalización de Procesos', '3'),
	(172, 'Ejecución de proyectos de transformación y digitalización de procesos', 'MPE02', 'Carlos Torres', 'Gerencia de Transformación y Digitalización de Procesos', '3'),
	(173, 'Evaluación de experiancia de cliente en red de agencias', 'MPO07', 'Mariano Perotti', 'Gerencia de Segmentos y CRM', '3'),
	(174, 'Administración de red de agencias', 'MPO06', 'Ivan Mostacero', 'Gerencia de Red de Agencias', '3'),
	(175, 'Atención de operaciones en red de agencias', 'MPO06', 'Ivan Mostacero', 'Gerencia de Red de Agencias', '3'),
	(176, 'Colocación de seguro optativos', 'MPO03', 'Ricardo Kanna', 'Gerencia Principal de Productos Banca Personas', '3'),
	(177, 'Colocación de tarjeta de crédito', 'MPO03', 'Ricardo Kanna', 'Gerencia Principal de Productos Banca Personas', '3'),
	(178, 'Colocación de créditos', 'MPO03', 'Ricardo Kanna', 'Gerencia Principal de Productos Banca Personas', '3'),
	(179, 'Administración de carta fianza', 'MPO02', 'Ivan Mostacero', 'Gerencia de Red de Agencias', '3'),
	(180, 'Administración de cuenta depósito', 'MPO02', 'Ricardo Kanna', 'Gerencia Principal de Productos Banca Personas', '3'),
	(181, 'Gestión de bonos', 'MPO02', 'Ivan Mostacero', 'Gerencia de Red de Agencias', '3'),
	(182, 'Administración de crédito', 'MPO03', 'Ricardo Kanna', 'Gerencia Principal de Productos Banca Personas', '3'),
	(183, 'Generación de informes solicitados por entidades externas', 'MPE03', 'Gabriel Chang', 'Gerencia Corporativo de Gestión de Personas y Agilidad Organizacional', '7'),
	(184, 'Gestión de sesiones individuales', 'MPS02', 'Susan Valverde', 'COE de Bienestar', '7'),
	(185, 'Gestión de reputación', 'MPE04', 'Giuliana Pacheco', 'Gerencia de Asuntos Corporativos', '7'),
	(186, 'Gestión de entrevistas o notas de prensa', 'MPE04', 'Giuliana Pacheco', 'Gerencia de Asuntos Corporativos', '7'),
	(187, 'Modificación de condiciones de productos', 'MPO03', 'Mercedes Guevara', 'Sub Gerencia de Formación y Servicios Financieros', '7'),
	(188, 'Administración de subsidios de incapacidad y maternidad', 'MPS02', 'Susan Valverde', 'COE de Bienestar', '7'),
	(189, 'Elaboración de estrategia de sostenibilidad', 'MPE03', 'Giuliana Pacheco', 'Gerencia de Asuntos Corporativos', '7'),
	(190, 'Gestión de cultura organizacional', 'MPE04', 'Giuliana Pacheco', 'Gerencia de Asuntos Corporativos', '7'),
	(191, 'Gestión de bono por capilla', 'MPS02', 'Susan Valverde', 'COE de Bienestar', '7'),
	(192, 'Administración de bono por educación', 'MPS02', 'Susan Valverde', 'COE de Bienestar', '7'),
	(193, 'Administración de seguros de salud', 'MPS02', 'Susan Valverde', 'COE de Bienestar', '7'),
	(194, 'Administración de ausentismo laboral', 'MPS02', 'Susan Valverde', 'COE de Bienestar', '7'),
	(195, 'Elaboración de reportes generales servicios financieros', 'MPS04', 'Mercedes Guevara', 'Sub Gerencia de Formación y Servicios Financieros', '7'),
	(196, 'Gestión de cambios organizacionales', 'MPE02', 'Gabriel Chang', 'Gerencia Corporativo de Gestión de Personas y Agilidad Organizacional', '7'),
	(197, 'Gestión de créditos para colaboradores', 'MPO03', 'Mercedes Guevara', 'Sub Gerencia de Formación y Servicios Financieros', '7'),
	(198, 'Gestión de adelanto de sueldo y gratificación', 'MPS02', 'Mercedes Guevara', 'Sub Gerencia de Formación y Servicios Financieros', '7'),
	(199, 'Gestión de comunicación interna', 'MPE03', 'Giuliana Pacheco', 'Gerencia de Asuntos Corporativos', '7'),
	(200, 'Desvinculación de colaboradores', 'MPS02', 'Alvaro Mendoza', 'Sub Gerencia de Remuneraciones y Compensaciones', '7'),
	(201, 'Administración de nónima', 'MPS02', 'Alvaro Mendoza', 'Sub Gerencia de Remuneraciones y Compensaciones', '7'),
	(202, 'Administración de presupuesto de gestión de personas', 'MPS04', 'Gabriel Chang', 'Gerencia Corporativo de Gestión de Personas y Agilidad Organizacional', '7'),
	(203, 'Administración de desempeño de colaboradores', 'MPS02', 'Alvaro Mendoza', 'Sub Gerencia de Remuneraciones y Compensaciones', '7'),
	(204, 'Administración de línea de carrera de colaboradores', 'MPE02', 'Gabriel Chang', 'Gerencia Corporativo de Gestión de Personas y Agilidad Organizacional', '7'),
	(205, 'Gestión de cargar componentes variables al sitema', 'MPS02', 'Gabriel Chang', 'Gerencia Corporativo de Gestión de Personas y Agilidad Organizacional', '7'),
	(206, 'Administación de vacaciones de colaboradores', 'MPS02', 'Gabriel Chang', 'Gerencia Corporativo de Gestión de Personas y Agilidad Organizacional', '7'),
	(207, 'Gestión de estructura organizacional', 'MPE02', 'Gabriel Chang', 'Gerencia Corporativo de Gestión de Personas y Agilidad Organizacional', '7'),
	(208, 'Emisión de cartas', 'MPS02', 'Mercedes Guevara', 'Sub Gerencia de Formación y Servicios Financieros', '7'),
	(209, 'Emisión de soat y seguro de protección de tarjetas', 'MPO03', 'Mercedes Guevara', 'Sub Gerencia de Formación y Servicios Financieros', '7'),
	(210, 'Formación de colaboradores', 'MPS02', 'Mercedes Guevara', 'Sub Gerencia de Formación y Servicios Financieros', '7'),
	(211, 'Gestión de indicadores', 'MPE02', 'Gabriel Chang', 'Gerencia Corporativo de Gestión de Personas y Agilidad Organizacional', '7'),
	(212, 'Gestión de proyectos HR Agile', 'MPE02', 'Gabriel Chang', 'Gerencia Corporativo de Gestión de Personas y Agilidad Organizacional', '7'),
	(213, 'Gestión de reclutar colaboradores', 'MPS02', 'Giuliana Pacheco', 'Gerencia de Asuntos Corporativos', '7'),
	(214, 'Gestión de reportes regulatorios para SBS', 'MPE02', 'José Luis Picoaga', 'Gerencia Principal de Gestión Global del Riesgo', '8'),
	(215, 'Validación de modelos', 'MPE02', 'José Luis Picoaga', 'Gerencia Principal de Gestión Global del Riesgo', '8'),
	(216, 'Construcción y seguimiento de modelos', 'MPE02', 'José Luis Picoaga', 'Gerencia Principal de Gestión Global del Riesgo', '8'),
	(217, 'Supervisión post-desembolso', 'MPO03', 'Raul Sanchez', 'Gerencia Principal de Riesgos Banca Personas', '8'),
	(218, 'Valorización de portafolio de inversiones', 'MPE02', 'José Luis Picoaga', 'Gerencia Principal de Gestión Global del Riesgo', '8'),
	(219, 'Evalución de seguimiento de cartera', 'MPO03', 'María Del Pilar Boza', 'Gerencia Principal de Riesgos Banca Mayorista', '8'),
	(220, 'Gestión de seguimiento de cartera', 'MPO03', 'María Del Pilar Boza', 'Gerencia Principal de Riesgos Banca Mayorista', '8'),
	(221, 'Gestión de políticas e indicadores de riesgos retail', 'MPO01', 'Raul Sanchez', 'Gerencia Principal de Riesgos Banca Personas', '8'),
	(222, 'Gestión preventiva de fraudes', 'MPE02', 'Aldo Madruga', 'Gerente Principal de Fraude e Integridad Corporativa', '8'),
	(223, 'Gestión de envío de files préstamo personal', 'MPS01', 'Raul Sanchez', 'Gerencia Principal de Riesgos Banca Personas', '8'),
	(224, 'Acreditación de préstamo personal', 'MPO03', 'Raul Sanchez', 'Gerencia Principal de Riesgos Banca Personas', '8'),
	(225, 'Supervisión post-desembolso', 'MPO03', 'Raul Sanchez', 'Gerencia Principal de Riesgos Banca Personas', '8'),
	(226, 'Gestión reactiva de fraudes', 'MPE02', 'Aldo Madruga', 'Gerente Principal de Fraude e Integridad Corporativa', '8'),
	(227, 'Gestión de prospección y campañas', 'MPO03', 'Raul Sanchez', 'Gerencia Principal de Gestión Global del Riesgo', '8'),
	(228, 'Gestión de seguimiento de riesgos', 'MPO03', 'Ricardo Vigil', 'Gerencia Principal de Riesgos Banca Emprendedora', '8'),
	(229, 'Administración de líneas de crédito', 'MPO03', 'María Del Pilar Boza', 'Gerencia Principal de Riesgos Banca Mayorista', '8'),
	(230, 'Normalización de créditos', 'MPO03', 'María Del Pilar Boza', 'Gerencia Principal de Riesgos Banca Mayorista', '8'),
	(231, 'Gestión de admisión de créditos', 'MPO03', 'María Del Pilar Boza', 'Gerencia Principal de Riesgos Banca Mayorista', '8'),
	(232, 'Administración de estrategia de seguridad de la información', 'MPS07', 'Arturo Simich', 'Gerencia de Seguridad de la Información', '8'),
	(233, 'Acreditación de préstamo personal sin garantía', 'MPO03', 'Raul Sanchez', 'Gerencia Principal de Riesgos Banca Personas', '8'),
	(234, 'Recuperación de créditos por cobranza Pre-Judicial', 'MPO03', 'Paolo Simoni', 'Gerencia Principal de Cobranzas', '8'),
	(235, 'Recuperación de créditos por cobranza Judicial', 'MPO03', 'Paolo Simoni', 'Gerencia Principal de Cobranzas', '8'),
	(236, 'Gestión y control de provisiones crediticias', 'MPE02', 'José Luis Picoaga', 'Gerencia Principal de Gestión Global del Riesgo', '8'),
	(237, 'Gestión de riesgos de liquidez', 'MPE02', 'José Luis Picoaga', 'Gerencia Principal de Gestión Global del Riesgo', '8'),
	(238, 'Gestión de la continuidad del negocio', 'MPS07', 'Laura Johanson', 'Gerencia de Riesgo Operacional', '8'),
	(239, 'Gestión de riesgo operacional', 'MPE02', 'Laura Johanson', 'Gerencia de Riesgo Operacional', '8'),
	(240, 'Administración de plan de trabajo de cumplimiento normativo', 'MPE01', 'Manuel Solís', 'Gerencia Corporativo de Cumplimiento Normativo', '5'),
	(241, 'Estructuración y asignación de metas', 'MPO01', 'Mariano Perotti', 'Gerencia de Segmentos y CRM', '3'),
	(242, 'Gestión de AE de  Proyectos  en ejecución', 'MPS06', 'Jimy Fajardo', 'Gerencia de Arquitectura Empresarial', '9'),
	(243, 'Monitoreo de transacciones ', 'MPE02', 'Aldo Madruga', 'Gerente Principal de Fraude e Integridad Corporativa', '8'),
	(244, 'Inteligencia y control de fraudes', 'MPE02', 'Aldo Madruga', 'Gerente Principal de Fraude e Integridad Corporativa', '8'),
	(245, ' Liquidación de agentes corresponsales', 'MPO06', 'Alfonso Moncloa', 'Gerencia Principal de Transformación', '3');
/*!40000 ALTER TABLE `procesos` ENABLE KEYS */;

-- Volcando estructura para tabla heatmap_pichincha.vps
CREATE TABLE IF NOT EXISTS `vps` (
  `id_vp` int(11) NOT NULL AUTO_INCREMENT,
  `vp` varchar(100) COLLATE utf8mb4_spanish_ci DEFAULT NULL,
  PRIMARY KEY (`id_vp`)
) ENGINE=InnoDB AUTO_INCREMENT=10 DEFAULT CHARSET=utf8mb4 COLLATE=utf8mb4_spanish_ci;

-- Volcando datos para la tabla heatmap_pichincha.vps: ~9 rows (aproximadamente)
/*!40000 ALTER TABLE `vps` DISABLE KEYS */;
INSERT INTO `vps` (`id_vp`, `vp`) VALUES
	(1, 'Auditoria General Corporativa'),
	(2, 'Vicepresidencia de Banca Mayorista y Emprendedora'),
	(3, 'Vicepresidencia de Banca Personas'),
	(4, 'Vicepresidencia de Cobranzas y Recuperaciones'),
	(5, 'Vicepresidencia de Cumplimiento, Asesoria Legal y Activos Especiales'),
	(6, 'Vicepresidencia de Finanzas y Tesorería'),
	(7, 'Vicepresidencia de Gestión de Personas'),
	(8, 'Vicepresidencia de Riesgos'),
	(9, 'Vicepresidencia de Tecnologia y Datos');
/*!40000 ALTER TABLE `vps` ENABLE KEYS */;

/*!40101 SET SQL_MODE=IFNULL(@OLD_SQL_MODE, '') */;
/*!40014 SET FOREIGN_KEY_CHECKS=IFNULL(@OLD_FOREIGN_KEY_CHECKS, 1) */;
/*!40101 SET CHARACTER_SET_CLIENT=@OLD_CHARACTER_SET_CLIENT */;
/*!40111 SET SQL_NOTES=IFNULL(@OLD_SQL_NOTES, 1) */;
